,EGRA Section 1a Score,EGRA Section 1b Score,EGRA Section 1c Score,EGRA Section 2a Score,EGRA Section 2b Score,EGRA Section 3 Letters Correct,EGRA Section 3 Time Completed,EGRA Section 3 LPM,EGRA Section 4 Words Correct,EGRA Section 4 Time Completed,EGRA Section 4: WPM,EGRA Section 5 Words Correct,EGRA Section 5 Time Completed,EGRA Section 5 CWPM,EGRA Section 5 Questions Correct,EGRA Section 6 Written Words Correct,EGRA Section 6 Correct Space/Direction,EGRA Section 6 Correct Punctuation,EGRA Section 6 Correct Use of Capitals,EGRA Section 7a Score,EGRA Section 1 Total Score,EGRA Section 6 Total Score
0,1,1,1,0,3,14,60.0,14.0,45,43.0,63,59,38.0,93,0,0,1,0,0,0,3,1
1,1,1,1,0,0,52,60.0,52.0,23,60.0,23,52,103.0,30,3,0,2,0,0,2,3,2
2,1,1,1,0,0,28,60.0,28.0,32,60.0,32,58,70.0,50,2,0,1,0,0,3,3,1
3,1,1,1,12,7,75,60.0,75.0,12,60.0,12,47,117.0,24,6,0,2,0,0,3,3,2
4,1,1,1,0,6,26,60.0,26.0,12,60.0,12,51,121.0,25,0,0,1,0,1,2,3,2
5,1,1,1,0,5,22,60.0,22.0,25,60.0,25,60,47.0,77,0,0,2,0,0,0,3,2
6,1,1,1,0,7,36,60.0,36.0,0,20.0,0,0,13.0,0,0,0,2,0,1,3,3,3
7,1,1,1,31,5,82,60.0,82.0,30,60.0,30,54,60.0,54,6,0,2,0,1,4,3,3
8,1,1,1,14,8,70,60.0,70.0,0,20.0,0,40,180.0,13,3,0,2,0,0,2,3,2
9,1,1,1,19,7,86,60.0,86.0,44,53.0,50,59,43.0,82,8,2,2,1,1,3,3,6
10,1,1,1,26,9,79,60.0,79.0,21,60.0,21,56,76.0,44,5,2,2,0,0,0,3,4
11,1,1,1,43,4,66,60.0,66.0,22,60.0,22,56,106.0,32,10,2,2,0,0,3,3,4
12,1,1,1,8,6,53,60.0,53.0,14,60.0,14,50,105.0,29,8,3,2,0,1,3,3,6
13,1,1,1,39,9,73,60.0,73.0,46,47.0,59,60,44.0,82,9,4,2,0,1,2,3,7
14,1,1,1,48,9,100,55.0,109.0,50,37.0,81,60,27.0,133,10,4,2,1,1,4,3,8
15,1,1,0,47,9,100,60.0,100.0,49,39.0,75,60,38.0,95,9,4,2,0,1,3,2,7
16,1,1,1,35,8,92,60.0,92.0,45,48.0,56,58,45.0,77,9,3,2,0,1,3,3,6
17,1,1,0,21,9,87,60.0,87.0,40,60.0,40,57,67.0,51,10,1,2,0,0,4,2,3
18,1,0,1,24,8,57,60.0,57.0,43,53.0,49,58,33.0,105,9,4,2,1,1,4,2,8
19,1,1,1,13,8,58,60.0,58.0,41,60.0,41,54,48.0,68,9,3,2,0,1,3,3,6
20,1,1,0,22,6,86,60.0,86.0,49,49.0,60,58,44.0,79,9,4,2,0,1,3,2,7
21,1,1,1,22,5,69,60.0,69.0,29,60.0,29,51,72.0,43,10,1,2,0,1,1,3,4
22,1,1,0,16,10,67,60.0,67.0,29,60.0,29,59,52.0,68,8,3,2,0,1,4,2,6
23,1,1,1,0,6,80,60.0,80.0,16,60.0,16,49,125.0,24,9,0,2,0,1,3,3,3
24,1,1,1,26,4,81,60.0,81.0,42,48.0,53,60,46.0,78,10,4,2,0,1,4,3,7
25,1,1,1,18,1,67,60.0,67.0,37,60.0,37,53,51.0,62,6,2,2,0,0,3,3,4
26,1,1,1,3,7,53,60.0,53.0,7,60.0,7,46,99.0,28,8,4,2,0,1,4,3,7
27,1,1,1,4,6,38,60.0,38.0,2,60.0,2,35,180.0,12,8,1,2,0,1,2,3,4
28,1,0,0,44,8,94,60.0,94.0,49,45.0,65,60,35.0,103,10,4,2,0,1,4,1,7
29,1,1,0,35,8,90,60.0,90.0,43,52.0,50,55,43.0,77,10,1,2,0,1,3,2,4
30,1,0,1,0,5,81,60.0,81.0,33,60.0,33,48,83.0,35,6,4,2,0,1,3,2,7
31,1,1,1,0,2,59,60.0,59.0,11,60.0,11,41,125.0,20,5,1,2,0,0,3,3,3
32,1,1,0,45,9,79,60.0,79.0,47,35.0,81,59,25.0,142,9,4,2,0,1,4,2,7
33,1,1,1,48,9,100,55.0,109.0,48,29.0,99,59,34.0,104,8,3,2,0,1,4,3,6
34,1,1,1,21,8,74,60.0,74.0,43,53.0,49,59,57.0,62,10,2,2,0,1,3,3,5
35,1,1,0,0,4,71,60.0,71.0,37,60.0,37,58,79.0,44,8,2,2,0,0,1,2,4
36,1,1,1,25,9,71,60.0,71.0,45,55.0,49,58,57.0,61,7,1,2,0,1,2,3,4
37,1,1,1,25,9,73,60.0,73.0,39,60.0,39,55,85.0,39,8,2,2,0,1,4,3,5
38,1,1,1,17,10,71,60.0,71.0,40,60.0,40,59,56.0,63,9,1,2,0,1,4,3,4
39,1,1,1,3,3,68,60.0,68.0,27,60.0,27,52,85.0,37,10,1,2,0,1,1,3,4
40,1,1,1,20,6,56,60.0,56.0,12,60.0,12,48,105.0,27,6,3,2,0,0,4,3,5
41,1,1,1,20,6,56,60.0,56.0,12,60.0,12,48,105.0,27,6,3,2,0,0,4,3,5
42,1,1,1,14,0,36,60.0,36.0,13,60.0,13,48,168.0,17,4,0,1,0,0,2,3,1
43,1,1,1,14,0,36,60.0,36.0,13,60.0,13,48,168.0,17,4,0,1,0,0,2,3,1
44,1,0,0,10,3,40,60.0,40.0,7,60.0,7,40,173.0,14,1,1,2,0,0,4,1,3
45,1,0,0,10,3,40,60.0,40.0,7,60.0,7,40,173.0,14,1,1,2,0,0,4,1,3
46,1,1,1,2,6,24,60.0,24.0,11,60.0,11,33,180.0,11,4,0,1,0,0,1,3,1
47,1,1,1,2,6,24,60.0,24.0,11,60.0,11,33,180.0,11,4,0,1,0,0,1,3,1
48,1,1,0,18,8,52,60.0,52.0,13,60.0,13,50,60.0,50,7,2,2,0,0,4,2,4
49,1,1,0,18,8,52,60.0,52.0,13,60.0,13,50,60.0,50,7,2,2,0,0,4,2,4
50,1,1,1,15,6,41,60.0,41.0,14,60.0,14,44,81.0,33,8,1,2,0,0,1,3,3
51,1,1,1,15,6,41,60.0,41.0,14,60.0,14,44,81.0,33,8,1,2,0,0,1,3,3
52,1,1,1,50,9,85,60.0,85.0,49,37.0,79,60,35.0,103,8,0,2,0,0,1,3,2
53,1,1,1,50,9,85,60.0,85.0,49,37.0,79,60,35.0,103,8,0,2,0,0,1,3,2
54,1,1,1,37,9,61,60.0,61.0,47,60.0,47,58,51.0,68,10,2,2,0,0,4,3,4
55,1,1,1,37,9,61,60.0,61.0,47,60.0,47,58,51.0,68,10,2,2,0,0,4,3,4
56,1,0,0,27,6,67,60.0,67.0,16,60.0,16,53,80.0,40,4,1,2,0,0,4,1,3
57,1,0,0,27,6,67,60.0,67.0,16,60.0,16,53,80.0,40,4,1,2,0,0,4,1,3
58,1,1,1,19,8,64,60.0,64.0,11,60.0,11,40,135.0,18,2,0,2,0,0,4,3,2
59,1,1,1,19,8,64,60.0,64.0,11,60.0,11,40,135.0,18,2,0,2,0,0,4,3,2
60,1,1,1,2,2,18,60.0,18.0,3,60.0,3,33,180.0,11,2,0,2,1,1,4,3,4
61,1,1,1,2,2,18,60.0,18.0,3,60.0,3,33,180.0,11,2,0,2,1,1,4,3,4
62,1,1,1,8,1,13,60.0,13.0,3,60.0,3,22,180.0,7,0,0,2,0,0,0,3,2
63,1,1,1,8,1,13,60.0,13.0,3,60.0,3,22,180.0,7,0,0,2,0,0,0,3,2
64,1,1,1,5,4,35,60.0,35.0,5,60.0,5,17,180.0,6,4,0,2,0,0,3,3,2
65,1,1,1,5,4,35,60.0,35.0,5,60.0,5,17,180.0,6,4,0,2,0,0,3,3,2
66,1,1,1,5,7,13,60.0,13.0,1,60.0,1,11,180.0,4,2,0,2,0,0,4,3,2
67,1,1,1,5,7,13,60.0,13.0,1,60.0,1,11,180.0,4,2,0,2,0,0,4,3,2
68,1,1,0,30,6,56,60.0,56.0,38,60.0,38,57,56.0,61,6,1,2,0,0,3,2,3
69,1,1,0,30,6,56,60.0,56.0,38,60.0,38,57,56.0,61,6,1,2,0,0,3,2,3
70,1,1,1,18,8,17,60.0,17.0,21,60.0,21,53,93.0,34,6,0,2,0,0,4,3,2
71,1,1,1,18,8,17,60.0,17.0,21,60.0,21,53,93.0,34,6,0,2,0,0,4,3,2
72,1,1,1,38,6,73,60.0,73.0,43,60.0,43,60,45.0,80,9,3,2,0,0,4,3,5
73,1,1,1,38,6,73,60.0,73.0,43,60.0,43,60,45.0,80,9,3,2,0,0,4,3,5
74,1,1,1,24,4,78,60.0,78.0,38,60.0,38,54,55.0,59,6,2,2,0,0,4,3,4
75,1,1,1,24,4,78,60.0,78.0,38,60.0,38,54,55.0,59,6,2,2,0,0,4,3,4
76,1,1,1,17,5,70,60.0,70.0,24,60.0,24,53,101.0,31,6,0,2,0,1,2,3,3
77,1,1,1,17,5,70,60.0,70.0,24,60.0,24,53,101.0,31,6,0,2,0,1,2,3,3
78,1,1,1,11,9,40,60.0,40.0,9,60.0,9,48,180.0,16,3,1,2,0,0,0,3,3
79,1,1,1,11,9,40,60.0,40.0,9,60.0,9,48,180.0,16,3,1,2,0,0,0,3,3
80,1,1,1,24,5,89,60.0,89.0,27,60.0,27,56,84.0,40,3,0,2,0,0,1,3,2
81,1,1,1,24,5,89,60.0,89.0,27,60.0,27,56,84.0,40,3,0,2,0,0,1,3,2
82,1,1,1,15,6,71,60.0,71.0,13,60.0,13,47,140.0,20,0,0,2,0,0,0,3,2
83,1,1,1,15,6,71,60.0,71.0,13,60.0,13,47,140.0,20,0,0,2,0,0,0,3,2
84,1,1,1,7,2,61,60.0,61.0,8,60.0,8,38,166.0,14,2,0,2,0,0,2,3,2
85,1,1,1,7,2,61,60.0,61.0,8,60.0,8,38,166.0,14,2,0,2,0,0,2,3,2
86,1,1,1,0,3,52,60.0,52.0,0,11.0,0,31,180.0,10,4,0,2,0,0,4,3,2
87,1,1,1,0,3,52,60.0,52.0,0,11.0,0,31,180.0,10,4,0,2,0,0,4,3,2
88,1,1,1,0,5,55,60.0,55.0,11,60.0,11,38,135.0,17,4,0,2,0,1,2,3,3
89,1,1,1,0,5,55,60.0,55.0,11,60.0,11,38,135.0,17,4,0,2,0,1,2,3,3
90,1,1,1,3,3,52,60.0,52.0,6,60.0,6,28,180.0,9,0,0,2,0,1,2,3,3
91,1,1,1,3,3,52,60.0,52.0,6,60.0,6,28,180.0,9,0,0,2,0,1,2,3,3
92,1,1,1,3,6,51,60.0,51.0,6,60.0,6,32,180.0,11,2,0,2,0,1,2,3,3
93,1,1,1,3,6,51,60.0,51.0,6,60.0,6,32,180.0,11,2,0,2,0,1,2,3,3
94,1,1,1,3,7,50,60.0,50.0,4,60.0,4,30,161.0,11,4,0,2,0,0,1,3,2
95,1,1,1,3,7,50,60.0,50.0,4,60.0,4,30,161.0,11,4,0,2,0,0,1,3,2
96,1,1,1,47,9,100,46.0,130.0,46,47.0,59,58,41.0,85,5,2,2,0,0,4,3,4
97,1,1,1,47,9,100,46.0,130.0,46,47.0,59,58,41.0,85,5,2,2,0,0,4,3,4
98,1,1,1,45,9,98,60.0,98.0,47,60.0,47,59,58.0,61,7,1,2,0,1,1,3,4
99,1,1,1,45,9,98,60.0,98.0,47,60.0,47,59,58.0,61,7,1,2,0,1,1,3,4
100,1,1,1,47,5,80,60.0,80.0,45,47.0,57,57,35.0,98,8,2,2,0,0,3,3,4
101,1,1,1,47,5,80,60.0,80.0,45,47.0,57,57,35.0,98,8,2,2,0,0,3,3,4
102,1,1,1,32,7,70,60.0,70.0,43,60.0,43,57,48.0,71,5,2,2,0,0,4,3,4
103,1,1,1,32,7,70,60.0,70.0,43,60.0,43,57,48.0,71,5,2,2,0,0,4,3,4
104,1,1,1,27,5,80,60.0,80.0,31,60.0,31,55,77.0,43,4,0,2,0,0,2,3,2
105,1,1,1,27,5,80,60.0,80.0,31,60.0,31,55,77.0,43,4,0,2,0,0,2,3,2
106,1,1,1,24,8,72,60.0,72.0,19,60.0,19,51,101.0,30,2,0,2,0,1,3,3,3
107,1,1,1,24,8,72,60.0,72.0,19,60.0,19,51,101.0,30,2,0,2,0,1,3,3,3
108,1,1,1,33,8,79,60.0,79.0,46,60.0,46,60,39.0,92,10,1,2,0,1,4,3,4
109,1,1,1,33,8,79,60.0,79.0,46,60.0,46,60,39.0,92,10,1,2,0,1,4,3,4
110,1,1,1,16,7,90,60.0,90.0,43,60.0,43,60,44.0,82,10,1,2,0,0,4,3,3
111,1,1,1,16,7,90,60.0,90.0,43,60.0,43,60,44.0,82,10,1,2,0,0,4,3,3
112,1,1,1,36,7,93,60.0,93.0,45,45.0,60,58,38.0,92,7,3,2,0,1,4,3,6
113,1,1,1,36,7,93,60.0,93.0,45,45.0,60,58,38.0,92,7,3,2,0,1,4,3,6
114,1,1,1,33,7,95,60.0,95.0,43,60.0,43,59,46.0,77,8,3,2,0,1,3,3,6
115,1,1,1,33,7,95,60.0,95.0,43,60.0,43,59,46.0,77,8,3,2,0,1,3,3,6
116,1,1,1,0,5,3,60.0,3.0,3,60.0,3,26,180.0,9,0,0,2,0,0,2,3,2
117,1,1,1,0,5,3,60.0,3.0,3,60.0,3,26,180.0,9,0,0,2,0,0,2,3,2
118,1,1,1,0,5,3,60.0,3.0,3,60.0,3,26,180.0,9,0,0,2,0,0,2,3,2
119,1,1,1,39,4,56,60.0,56.0,3,60.0,3,23,180.0,8,3,0,2,0,1,0,3,3
120,1,1,1,39,4,56,60.0,56.0,3,60.0,3,23,180.0,8,3,0,2,0,1,0,3,3
121,1,1,1,39,4,56,60.0,56.0,3,60.0,3,23,180.0,8,3,0,2,0,1,0,3,3
122,1,1,1,14,4,48,60.0,48.0,1,60.0,1,18,180.0,6,4,0,2,0,1,2,3,3
123,1,1,1,14,4,48,60.0,48.0,1,60.0,1,18,180.0,6,4,0,2,0,1,2,3,3
124,1,1,1,14,4,48,60.0,48.0,1,60.0,1,18,180.0,6,4,0,2,0,1,2,3,3
125,1,1,1,0,5,33,60.0,33.0,1,60.0,1,0,14.0,0,0,0,2,0,0,3,3,2
126,1,1,1,0,5,33,60.0,33.0,1,60.0,1,0,14.0,0,0,0,2,0,0,3,3,2
127,1,1,1,0,5,33,60.0,33.0,1,60.0,1,0,14.0,0,0,0,2,0,0,3,3,2
128,1,1,1,6,8,57,60.0,57.0,1,60.0,1,15,180.0,5,0,0,2,0,0,0,3,2
129,1,1,1,6,8,57,60.0,57.0,1,60.0,1,15,180.0,5,0,0,2,0,0,0,3,2
130,1,1,1,6,8,57,60.0,57.0,1,60.0,1,15,180.0,5,0,0,2,0,0,0,3,2
131,1,1,1,32,10,80,60.0,80.0,23,60.0,23,59,71.0,50,4,1,2,0,1,0,3,4
132,1,1,1,32,10,80,60.0,80.0,23,60.0,23,59,71.0,50,4,1,2,0,1,0,3,4
133,1,1,1,32,10,80,60.0,80.0,23,60.0,23,59,71.0,50,4,1,2,0,1,0,3,4
134,1,1,1,18,6,62,60.0,62.0,10,60.0,10,51,121.0,25,2,0,2,0,0,1,3,2
135,1,1,1,18,6,62,60.0,62.0,10,60.0,10,51,121.0,25,2,0,2,0,0,1,3,2
136,1,1,1,18,6,62,60.0,62.0,10,60.0,10,51,121.0,25,2,0,2,0,0,1,3,2
137,1,1,1,0,4,3,60.0,3.0,6,60.0,6,45,146.0,18,0,0,2,0,0,1,3,2
138,1,1,1,0,4,3,60.0,3.0,6,60.0,6,45,146.0,18,0,0,2,0,0,1,3,2
139,1,1,1,0,4,3,60.0,3.0,6,60.0,6,45,146.0,18,0,0,2,0,0,1,3,2
140,1,0,0,0,3,7,60.0,7.0,0,36.0,0,3,180.0,1,0,0,0,0,0,1,1,0
141,1,0,0,0,3,7,60.0,7.0,0,36.0,0,3,180.0,1,0,0,0,0,0,1,1,0
142,1,0,0,0,3,7,60.0,7.0,0,36.0,0,3,180.0,1,0,0,0,0,0,1,1,0
143,1,1,1,13,5,46,60.0,46.0,1,60.0,1,3,180.0,1,4,0,2,0,0,0,3,2
144,1,1,1,13,5,46,60.0,46.0,1,60.0,1,3,180.0,1,4,0,2,0,0,0,3,2
145,1,1,1,13,5,46,60.0,46.0,1,60.0,1,3,180.0,1,4,0,2,0,0,0,3,2
146,1,1,1,8,6,35,60.0,35.0,2,60.0,2,34,167.0,12,2,0,1,0,0,2,3,1
147,1,1,1,8,6,35,60.0,35.0,2,60.0,2,34,167.0,12,2,0,1,0,0,2,3,1
148,1,1,1,8,6,35,60.0,35.0,2,60.0,2,34,167.0,12,2,0,1,0,0,2,3,1
149,1,1,1,25,5,58,60.0,58.0,25,60.0,25,59,70.0,51,8,0,2,0,0,2,3,2
150,1,1,1,25,5,58,60.0,58.0,25,60.0,25,59,70.0,51,8,0,2,0,0,2,3,2
151,1,1,1,25,5,58,60.0,58.0,25,60.0,25,59,70.0,51,8,0,2,0,0,2,3,2
152,1,1,1,35,8,65,60.0,65.0,34,60.0,34,56,65.0,52,7,0,2,0,1,3,3,3
153,1,1,1,35,8,65,60.0,65.0,34,60.0,34,56,65.0,52,7,0,2,0,1,3,3,3
154,1,1,1,35,8,65,60.0,65.0,34,60.0,34,56,65.0,52,7,0,2,0,1,3,3,3
155,1,1,1,30,4,80,60.0,80.0,46,52.0,53,60,40.0,90,9,3,2,0,1,4,3,6
156,1,1,1,32,4,77,60.0,77.0,43,60.0,43,58,59.0,59,8,2,2,0,1,3,3,5
157,1,1,1,49,9,99,57.0,104.0,50,37.0,81,60,30.0,120,9,4,2,0,1,4,3,7
158,1,1,1,42,7,100,58.0,103.0,48,41.0,70,60,36.0,100,10,3,2,0,1,4,3,6
159,1,1,1,0,3,37,60.0,37.0,7,60.0,7,38,110.0,21,2,0,2,0,0,0,3,2
160,1,1,1,0,5,20,60.0,20.0,5,60.0,5,0,10.0,0,0,0,2,0,0,1,3,2
161,1,1,1,36,7,100,48.0,125.0,48,41.0,70,60,33.0,109,10,4,2,0,0,4,3,6
162,1,1,1,34,9,94,60.0,94.0,49,47.0,63,60,32.0,113,10,4,2,1,1,4,3,8
163,1,1,1,9,6,62,60.0,62.0,6,60.0,6,42,115.0,22,5,3,2,0,1,1,3,6
164,1,1,1,10,4,55,60.0,55.0,10,60.0,10,39,134.0,17,3,0,2,0,0,1,3,2
165,1,1,1,27,5,72,60.0,72.0,37,60.0,37,59,62.0,57,8,3,2,0,0,3,3,5
166,1,1,1,19,5,76,60.0,76.0,40,60.0,40,56,75.0,45,7,3,2,0,0,2,3,5
167,1,1,1,0,6,59,60.0,59.0,7,60.0,7,44,146.0,18,4,3,2,0,0,2,3,5
168,1,1,1,0,7,57,60.0,57.0,5,60.0,5,38,172.0,13,5,1,2,0,0,3,3,3
169,1,1,1,50,10,100,54.0,111.0,50,40.0,75,60,30.0,120,10,3,2,1,1,4,3,7
170,1,1,1,50,10,100,58.0,103.0,50,41.0,73,59,29.0,122,9,4,2,0,1,3,3,7
171,1,1,1,44,7,100,47.0,128.0,48,40.0,72,59,28.0,126,9,3,2,0,1,4,3,6
172,1,1,1,47,8,100,50.0,120.0,50,35.0,86,60,30.0,120,10,4,2,0,1,4,3,7
173,1,1,1,1,4,51,60.0,51.0,3,60.0,3,40,180.0,13,0,1,2,0,0,3,3,3
174,1,1,1,0,4,49,60.0,49.0,4,60.0,4,36,180.0,12,1,0,2,0,0,3,3,2
175,1,1,1,50,8,100,53.0,113.0,50,47.0,64,60,33.0,109,10,4,2,0,1,4,3,7
176,1,1,1,37,4,98,60.0,98.0,50,38.0,79,60,26.0,138,9,4,2,0,0,4,3,6
177,1,1,1,22,3,69,60.0,69.0,24,60.0,24,57,85.0,40,2,1,2,0,1,2,3,4
178,1,1,1,34,4,75,60.0,75.0,21,60.0,21,52,104.0,30,0,0,2,0,0,2,3,2
179,1,1,1,50,9,99,58.0,102.0,47,42.0,67,60,30.0,120,10,4,2,1,0,3,3,7
180,1,1,1,43,10,95,60.0,95.0,46,41.0,67,59,33.0,107,8,4,2,0,0,4,3,6
181,1,1,1,22,7,99,59.0,101.0,46,44.0,63,58,37.0,94,8,4,2,1,1,4,3,8
182,1,1,1,16,6,89,60.0,89.0,47,55.0,51,55,51.0,65,7,4,2,0,1,2,3,7
183,1,1,1,42,9,75,60.0,75.0,49,60.0,49,60,43.0,84,10,4,2,1,1,4,3,8
184,1,1,1,42,9,75,60.0,75.0,49,60.0,49,60,43.0,84,10,4,2,1,1,4,3,8
185,1,0,0,25,8,48,60.0,48.0,45,55.0,49,59,44.0,80,9,3,2,0,0,2,1,5
186,1,0,0,25,8,48,60.0,48.0,45,55.0,49,59,44.0,80,9,3,2,0,0,2,1,5
187,1,1,1,26,4,100,58.0,103.0,46,43.0,64,59,29.0,122,10,3,2,0,1,4,3,6
188,1,1,1,26,4,100,58.0,103.0,46,43.0,64,59,29.0,122,10,3,2,0,1,4,3,6
189,1,1,1,14,0,83,60.0,83.0,45,60.0,45,59,44.0,80,10,4,2,1,1,2,3,8
190,1,1,1,14,0,83,60.0,83.0,45,60.0,45,59,44.0,80,10,4,2,1,1,2,3,8
191,1,1,0,14,8,72,60.0,72.0,23,60.0,23,51,68.0,45,4,0,2,1,0,2,2,3
192,1,1,0,14,8,72,60.0,72.0,23,60.0,23,51,68.0,45,4,0,2,1,0,2,2,3
193,1,1,0,7,8,52,60.0,52.0,11,60.0,11,46,98.0,28,3,0,2,0,0,1,2,2
194,1,1,0,7,8,52,60.0,52.0,11,60.0,11,46,98.0,28,3,0,2,0,0,1,2,2
195,1,1,1,43,7,57,60.0,57.0,48,56.0,51,60,37.0,97,10,2,2,0,0,4,3,4
196,1,1,1,43,7,57,60.0,57.0,48,56.0,51,60,37.0,97,10,2,2,0,0,4,3,4
197,1,1,1,30,2,58,60.0,58.0,39,60.0,39,58,47.0,74,10,2,2,0,0,2,3,4
198,1,1,1,30,2,58,60.0,58.0,39,60.0,39,58,47.0,74,10,2,2,0,0,2,3,4
199,1,1,1,25,8,56,60.0,56.0,35,60.0,35,60,51.0,71,7,0,2,0,0,3,3,2
200,1,1,1,25,8,56,60.0,56.0,35,60.0,35,60,51.0,71,7,0,2,0,0,3,3,2
201,1,0,0,15,1,70,60.0,70.0,11,60.0,11,47,125.0,23,6,0,1,0,0,3,1,1
202,1,0,0,15,1,70,60.0,70.0,11,60.0,11,47,125.0,23,6,0,1,0,0,3,1,1
203,1,1,1,50,2,63,60.0,63.0,50,41.0,73,60,25.0,144,8,4,1,1,1,4,3,7
204,1,1,1,50,2,63,60.0,63.0,50,41.0,73,60,25.0,144,8,4,1,1,1,4,3,7
205,1,1,1,33,0,52,60.0,52.0,42,60.0,42,60,41.0,88,10,3,2,0,1,3,3,6
206,1,1,1,33,0,52,60.0,52.0,42,60.0,42,60,41.0,88,10,3,2,0,1,3,3,6
207,1,1,1,18,3,50,60.0,50.0,45,41.0,66,60,33.0,109,6,0,1,0,1,2,3,2
208,1,1,1,47,5,67,60.0,67.0,47,41.0,69,60,34.0,106,10,4,2,0,0,3,3,6
209,1,1,1,8,6,65,60.0,65.0,36,60.0,36,59,36.0,98,8,4,2,1,0,3,3,7
210,1,1,1,15,3,37,60.0,37.0,45,55.0,49,60,51.0,71,2,1,1,0,0,4,3,2
211,1,1,1,0,2,5,60.0,5.0,0,28.0,0,0,52.0,0,0,0,1,0,0,2,3,1
212,1,1,1,17,4,55,60.0,55.0,32,60.0,32,57,52.0,66,8,2,2,0,0,3,3,4
213,1,1,1,18,7,61,60.0,61.0,12,60.0,12,51,102.0,30,9,0,2,0,0,4,3,2
214,1,1,1,2,5,5,60.0,5.0,2,60.0,2,17,159.0,6,4,0,1,0,0,4,3,1
215,1,1,1,0,3,2,60.0,2.0,47,60.0,47,58,36.0,97,0,0,1,0,0,2,3,1
216,1,1,1,17,10,80,60.0,80.0,29,60.0,29,60,73.0,49,8,1,2,0,0,4,3,3
217,1,1,1,20,8,73,60.0,73.0,11,60.0,11,49,75.0,39,7,0,2,0,1,1,3,3
218,1,1,1,11,6,47,60.0,47.0,34,60.0,34,59,71.0,50,5,0,2,1,1,3,3,4
219,1,1,1,24,5,82,60.0,82.0,22,60.0,22,56,39.0,86,6,0,2,0,0,4,3,2
220,1,0,1,2,7,23,60.0,23.0,47,48.0,59,60,33.0,109,1,0,1,0,0,1,2,1
221,1,1,1,4,6,45,60.0,45.0,3,60.0,3,32,180.0,11,0,0,2,0,0,4,3,2
222,1,1,1,15,7,17,60.0,17.0,7,60.0,7,52,124.0,25,1,0,2,0,0,0,3,2
223,1,1,1,0,2,55,60.0,55.0,19,60.0,19,50,65.0,46,0,0,2,0,0,2,3,2
224,1,1,1,7,4,60,60.0,60.0,14,60.0,14,55,103.0,32,6,1,2,0,1,3,3,4
225,1,1,1,31,4,68,60.0,68.0,44,60.0,44,60,50.0,72,8,4,2,0,1,4,3,7
226,1,1,1,0,2,60,60.0,60.0,7,60.0,7,42,116.0,22,4,0,2,0,0,3,3,2
227,1,1,1,48,8,86,60.0,86.0,49,31.0,95,60,39.0,92,10,2,2,1,1,4,3,6
228,1,0,1,50,9,87,60.0,87.0,48,45.0,64,60,40.0,90,9,4,2,1,1,4,2,8
229,1,1,0,49,8,99,60.0,99.0,50,31.0,97,60,27.0,133,7,4,2,1,0,4,2,7
230,1,1,1,47,8,65,60.0,65.0,47,49.0,58,59,32.0,111,8,4,2,0,1,4,3,7
231,1,1,1,31,9,78,60.0,78.0,49,45.0,65,60,29.0,124,10,4,2,1,1,4,3,8
232,1,1,1,18,6,66,60.0,66.0,44,60.0,44,59,35.0,101,9,4,2,1,1,4,3,8
233,1,1,0,37,7,65,60.0,65.0,48,54.0,53,60,38.0,95,8,3,2,1,1,4,2,7
234,1,1,1,34,6,64,60.0,64.0,42,52.0,48,59,40.0,89,7,2,2,0,0,4,3,4
235,1,1,1,0,4,0,48.0,0.0,0,26.0,0,0,37.0,0,0,0,0,0,0,4,3,0
236,1,0,0,0,2,3,60.0,3.0,0,16.0,0,0,24.0,0,0,0,0,0,0,3,1,0
237,1,1,1,32,2,72,60.0,72.0,48,43.0,67,58,34.0,102,8,3,2,0,0,4,3,5
238,1,1,1,19,0,60,60.0,60.0,44,58.0,46,58,66.0,53,10,4,2,0,1,4,3,7
239,1,1,1,12,8,73,60.0,73.0,21,60.0,21,54,66.0,49,9,2,2,0,1,4,3,5
240,1,1,1,15,8,61,60.0,61.0,17,60.0,17,56,102.0,33,10,3,2,0,1,4,3,6
241,1,1,1,0,4,32,60.0,32.0,3,60.0,3,21,180.0,7,2,2,2,0,0,3,3,4
242,1,1,1,0,4,19,60.0,19.0,2,60.0,2,26,178.0,9,1,1,2,0,1,3,3,4
243,1,1,1,50,6,100,51.0,118.0,50,27.0,111,60,24.0,150,10,4,2,1,1,4,3,8
244,1,0,1,47,10,83,60.0,83.0,49,46.0,64,59,31.0,114,10,4,2,1,0,2,2,7
245,1,0,0,28,9,74,60.0,74.0,37,60.0,37,60,40.0,90,9,2,2,1,1,4,1,6
246,1,1,1,24,9,58,60.0,58.0,29,60.0,29,56,59.0,57,5,4,2,0,1,3,3,7
247,1,1,1,31,6,100,54.0,111.0,48,46.0,63,60,36.0,100,10,4,2,0,1,4,3,7
248,1,1,1,13,6,74,60.0,74.0,37,60.0,37,56,47.0,71,8,4,2,1,1,3,3,8
249,1,1,1,22,8,100,60.0,100.0,46,44.0,63,60,31.0,116,10,4,2,1,1,3,3,8
250,1,1,0,0,8,84,60.0,84.0,41,60.0,41,57,41.0,83,10,4,1,0,0,3,2,5
251,1,1,1,33,5,83,60.0,83.0,46,48.0,58,60,38.0,95,10,3,2,1,0,3,3,6
252,1,0,0,39,3,81,60.0,81.0,39,58.0,40,57,37.0,92,7,3,2,0,1,4,1,6
253,0,1,1,49,10,88,60.0,88.0,50,40.0,75,60,30.0,120,10,3,2,1,1,4,2,7
254,1,1,1,45,9,80,60.0,80.0,49,41.0,72,60,35.0,103,10,4,2,1,1,4,3,8
255,1,1,1,2,9,49,60.0,49.0,10,60.0,10,44,154.0,17,10,3,2,1,1,4,3,7
256,1,1,1,2,7,46,60.0,46.0,3,60.0,3,39,172.0,14,4,3,2,0,1,4,3,6
257,1,1,0,26,7,79,60.0,79.0,30,60.0,30,59,67.0,53,9,4,2,1,0,4,2,7
258,1,1,1,12,8,70,60.0,70.0,16,60.0,16,49,100.0,29,7,2,2,0,0,4,3,4
259,1,1,1,21,2,70,60.0,70.0,38,60.0,38,58,53.0,66,10,2,2,0,0,4,3,4
260,1,1,1,16,7,49,60.0,49.0,32,60.0,32,57,68.0,50,9,3,2,0,1,3,3,6
261,0,0,0,18,4,53,60.0,53.0,40,60.0,40,59,54.0,66,6,4,2,0,1,4,0,7
262,1,1,1,13,7,60,60.0,60.0,20,60.0,20,58,92.0,38,10,1,2,0,0,4,3,3
263,1,1,1,38,7,60,60.0,60.0,50,54.0,56,60,32.0,113,7,4,2,1,1,4,3,8
264,1,1,1,33,5,74,60.0,74.0,48,55.0,52,58,39.0,89,10,4,2,0,1,4,3,7
265,1,1,1,0,8,58,60.0,58.0,10,60.0,10,51,104.0,29,10,2,1,0,0,4,3,3
266,1,0,0,0,6,52,60.0,52.0,4,60.0,4,44,150.0,18,6,1,1,0,1,4,1,3
267,1,1,1,0,1,0,39.0,0.0,0,29.0,0,0,34.0,0,0,0,1,0,0,0,3,1
268,1,1,1,0,1,0,39.0,0.0,0,29.0,0,0,34.0,0,0,0,1,0,0,0,3,1
269,1,1,1,0,1,0,39.0,0.0,0,29.0,0,0,34.0,0,0,0,1,0,0,0,3,1
270,1,1,1,16,6,37,60.0,37.0,12,60.0,12,41,180.0,14,1,0,2,0,0,2,3,2
271,1,1,1,16,6,37,60.0,37.0,12,60.0,12,41,180.0,14,1,0,2,0,0,2,3,2
272,1,1,1,16,6,37,60.0,37.0,12,60.0,12,41,180.0,14,1,0,2,0,0,2,3,2
273,1,1,1,6,8,76,60.0,76.0,2,60.0,2,0,38.0,0,10,2,2,0,0,4,3,4
274,1,1,1,6,8,76,60.0,76.0,2,60.0,2,0,38.0,0,10,2,2,0,0,4,3,4
275,1,1,1,6,8,76,60.0,76.0,2,60.0,2,0,38.0,0,10,2,2,0,0,4,3,4
276,1,1,1,14,0,48,60.0,48.0,1,60.0,1,15,180.0,5,0,0,0,0,0,0,3,0
277,1,1,1,14,0,48,60.0,48.0,1,60.0,1,15,180.0,5,0,0,0,0,0,0,3,0
278,1,1,1,14,0,48,60.0,48.0,1,60.0,1,15,180.0,5,0,0,0,0,0,0,3,0
279,1,1,1,0,6,42,60.0,42.0,2,60.0,2,15,180.0,5,0,0,2,0,0,4,3,2
280,1,1,1,0,6,42,60.0,42.0,2,60.0,2,15,180.0,5,0,0,2,0,0,4,3,2
281,1,1,1,0,6,42,60.0,42.0,2,60.0,2,15,180.0,5,0,0,2,0,0,4,3,2
282,1,1,1,0,4,11,60.0,11.0,3,60.0,3,0,34.0,0,0,0,0,0,0,3,3,0
283,1,1,1,0,4,11,60.0,11.0,3,60.0,3,0,34.0,0,0,0,0,0,0,3,3,0
284,1,1,1,0,4,11,60.0,11.0,3,60.0,3,0,34.0,0,0,0,0,0,0,3,3,0
285,1,1,1,16,8,88,60.0,88.0,3,60.0,3,0,35.0,0,8,2,2,0,1,2,3,5
286,1,1,1,16,8,88,60.0,88.0,3,60.0,3,0,35.0,0,8,2,2,0,1,2,3,5
287,1,1,1,16,8,88,60.0,88.0,3,60.0,3,0,35.0,0,8,2,2,0,1,2,3,5
288,1,1,1,25,5,62,60.0,62.0,2,60.0,2,0,22.0,0,5,0,2,0,0,0,3,2
289,1,1,1,25,5,62,60.0,62.0,2,60.0,2,0,22.0,0,5,0,2,0,0,0,3,2
290,1,1,1,25,5,62,60.0,62.0,2,60.0,2,0,22.0,0,5,0,2,0,0,0,3,2
291,1,1,1,0,0,13,60.0,13.0,0,21.0,0,0,22.0,0,0,0,0,0,0,4,3,0
292,1,1,1,0,0,13,60.0,13.0,0,21.0,0,0,22.0,0,0,0,0,0,0,4,3,0
293,1,1,1,0,0,13,60.0,13.0,0,21.0,0,0,22.0,0,0,0,0,0,0,4,3,0
294,1,1,1,0,6,48,60.0,48.0,2,60.0,2,8,180.0,3,1,0,1,0,1,3,3,2
295,1,1,1,0,6,48,60.0,48.0,2,60.0,2,8,180.0,3,1,0,1,0,1,3,3,2
296,1,1,1,0,6,48,60.0,48.0,2,60.0,2,8,180.0,3,1,0,1,0,1,3,3,2
297,1,1,1,0,0,0,19.0,0.0,0,19.0,0,0,20.0,0,0,0,2,0,0,0,3,2
298,1,1,1,0,0,0,19.0,0.0,0,19.0,0,0,20.0,0,0,0,2,0,0,0,3,2
299,1,1,1,0,0,0,19.0,0.0,0,19.0,0,0,20.0,0,0,0,2,0,0,0,3,2
300,1,1,1,50,8,87,60.0,87.0,46,53.0,52,60,38.0,95,10,4,2,1,1,4,3,8
301,1,1,1,50,8,87,60.0,87.0,46,53.0,52,60,38.0,95,10,4,2,1,1,4,3,8
302,1,1,1,50,8,87,60.0,87.0,46,53.0,52,60,38.0,95,10,4,2,1,1,4,3,8
303,1,1,1,0,4,3,60.0,3.0,47,,0,0,37.0,0,0,0,2,0,0,0,3,2
304,1,1,1,0,4,3,60.0,3.0,47,,0,0,37.0,0,0,0,2,0,0,0,3,2
305,1,1,1,0,4,3,60.0,3.0,47,,0,0,37.0,0,0,0,2,0,0,0,3,2
306,1,1,1,19,7,59,60.0,59.0,3,60.0,3,5,180.0,2,1,0,2,0,0,1,3,2
307,1,1,1,19,7,59,60.0,59.0,3,60.0,3,5,180.0,2,1,0,2,0,0,1,3,2
308,1,1,1,19,7,59,60.0,59.0,3,60.0,3,5,180.0,2,1,0,2,0,0,1,3,2
309,1,1,1,11,1,37,60.0,37.0,7,60.0,7,0,180.0,0,1,0,2,0,1,0,3,3
310,1,1,1,11,1,37,60.0,37.0,7,60.0,7,0,180.0,0,1,0,2,0,1,0,3,3
311,1,1,1,11,1,37,60.0,37.0,7,60.0,7,0,180.0,0,1,0,2,0,1,0,3,3
312,1,1,1,24,4,42,60.0,42.0,16,60.0,16,54,104.0,31,1,0,2,0,0,3,3,2
313,1,1,1,24,4,42,60.0,42.0,16,60.0,16,54,104.0,31,1,0,2,0,0,3,3,2
314,1,1,1,24,4,42,60.0,42.0,16,60.0,16,54,104.0,31,1,0,2,0,0,3,3,2
315,1,1,1,0,4,14,60.0,14.0,0,34.0,0,0,34.0,0,2,0,0,0,0,1,3,0
316,1,1,1,0,4,14,60.0,14.0,0,34.0,0,0,34.0,0,2,0,0,0,0,1,3,0
317,1,1,1,0,4,14,60.0,14.0,0,34.0,0,0,34.0,0,2,0,0,0,0,1,3,0
318,1,1,1,11,5,41,60.0,41.0,11,60.0,11,54,120.0,27,10,2,2,0,0,4,3,4
319,1,1,1,11,5,41,60.0,41.0,11,60.0,11,54,120.0,27,10,2,2,0,0,4,3,4
320,1,1,1,11,5,41,60.0,41.0,11,60.0,11,54,120.0,27,10,2,2,0,0,4,3,4
321,1,1,1,0,4,50,60.0,50.0,16,60.0,16,56,78.0,43,7,1,2,1,0,3,3,4
322,1,1,1,0,4,50,60.0,50.0,16,60.0,16,56,78.0,43,7,1,2,1,0,3,3,4
323,1,1,1,0,4,50,60.0,50.0,16,60.0,16,56,78.0,43,7,1,2,1,0,3,3,4
324,1,1,1,47,10,80,60.0,80.0,45,60.0,45,60,39.0,92,10,4,2,1,1,4,3,8
325,1,1,1,47,10,80,60.0,80.0,45,60.0,45,60,39.0,92,10,4,2,1,1,4,3,8
326,1,1,1,47,10,80,60.0,80.0,45,60.0,45,60,39.0,92,10,4,2,1,1,4,3,8
327,1,1,0,48,7,63,60.0,63.0,49,52.0,57,60,27.0,133,8,4,2,1,1,4,2,8
328,1,1,1,50,10,99,60.0,99.0,49,46.0,64,60,32.0,113,10,4,2,1,1,3,3,8
329,1,1,1,48,10,100,60.0,100.0,50,39.0,77,60,31.0,116,10,4,2,1,1,4,3,8
330,0,1,0,30,10,76,60.0,76.0,49,36.0,82,59,28.0,126,10,2,2,0,0,3,1,4
331,1,1,1,6,5,56,60.0,56.0,19,60.0,19,57,91.0,38,10,2,2,1,0,4,3,5
332,1,1,1,0,5,30,60.0,30.0,15,60.0,15,55,138.0,24,10,0,2,0,1,4,3,3
333,1,1,1,10,7,51,60.0,51.0,5,60.0,5,48,143.0,20,6,0,2,0,0,4,3,2
334,1,1,1,10,8,44,60.0,44.0,7,60.0,7,40,180.0,13,3,0,0,0,0,0,3,0
335,1,1,1,38,6,83,60.0,83.0,43,60.0,43,58,53.0,66,8,1,2,0,1,4,3,4
336,1,1,1,37,7,75,60.0,75.0,45,56.0,48,58,60.0,58,3,1,2,0,0,2,3,3
337,1,1,1,2,4,44,60.0,44.0,3,60.0,3,19,180.0,6,0,0,2,0,0,4,3,2
338,1,1,1,0,9,33,60.0,33.0,2,60.0,2,35,180.0,12,0,0,0,0,0,0,3,0
339,1,1,1,35,6,90,60.0,90.0,45,49.0,55,55,34.0,97,9,3,2,1,1,2,3,7
340,1,1,1,21,3,46,60.0,46.0,31,60.0,31,60,51.0,71,10,0,0,0,0,4,3,0
341,1,1,0,25,7,58,60.0,58.0,36,60.0,36,58,43.0,81,9,3,2,0,0,4,2,5
342,1,1,1,26,6,64,60.0,64.0,33,60.0,33,56,51.0,66,10,3,2,0,0,1,3,5
343,1,1,0,50,9,71,60.0,71.0,49,53.0,55,60,27.0,133,10,4,2,0,1,4,2,7
344,1,1,1,43,10,53,60.0,53.0,45,60.0,45,60,36.0,100,10,4,2,0,1,4,3,7
345,0,0,0,0,5,0,14.0,0.0,0,23.0,0,0,25.0,0,0,0,0,0,0,0,0,0
346,0,0,0,0,5,0,14.0,0.0,0,23.0,0,0,25.0,0,0,0,0,0,0,0,0,0
347,1,1,1,0,0,0,28.0,0.0,0,27.0,0,0,32.0,0,0,0,0,0,0,0,3,0
348,1,1,1,0,0,0,28.0,0.0,0,27.0,0,0,32.0,0,0,0,0,0,0,0,3,0
349,1,0,0,0,0,0,38.0,0.0,0,22.0,0,0,27.0,0,0,0,0,0,0,0,1,0
350,1,0,0,0,0,0,38.0,0.0,0,22.0,0,0,27.0,0,0,0,0,0,0,0,1,0
351,1,0,1,0,1,0,11.0,0.0,0,8.0,0,0,7.0,0,0,0,0,0,0,2,2,0
352,1,0,1,0,1,0,11.0,0.0,0,8.0,0,0,7.0,0,0,0,0,0,0,2,2,0
353,1,1,1,0,3,0,37.0,0.0,0,21.0,0,0,27.0,0,0,0,0,0,0,1,3,0
354,1,1,1,0,3,0,37.0,0.0,0,21.0,0,0,27.0,0,0,0,0,0,0,1,3,0
355,1,1,1,0,2,1,60.0,1.0,0,28.0,0,0,31.0,0,0,0,0,0,0,1,3,0
356,1,1,1,0,2,1,60.0,1.0,0,28.0,0,0,31.0,0,0,0,0,0,0,1,3,0
357,0,0,1,0,4,0,18.0,0.0,0,22.0,0,0,21.0,0,0,0,1,0,0,0,1,1
358,0,0,1,0,4,0,18.0,0.0,0,22.0,0,0,21.0,0,0,0,1,0,0,0,1,1
359,1,1,1,0,0,0,43.0,0.0,0,17.0,0,0,27.0,0,0,0,1,0,0,3,3,1
360,1,1,1,0,0,0,43.0,0.0,0,17.0,0,0,27.0,0,0,0,1,0,0,3,3,1
361,0,0,0,0,3,0,23.0,0.0,0,13.0,0,0,17.0,0,0,0,2,0,0,1,0,2
362,0,0,0,0,3,0,23.0,0.0,0,13.0,0,0,17.0,0,0,0,2,0,0,1,0,2
363,1,1,1,0,5,0,58.0,0.0,0,24.0,0,0,32.0,0,0,0,1,0,0,0,3,1
364,1,1,1,0,5,0,58.0,0.0,0,24.0,0,0,32.0,0,0,0,1,0,0,0,3,1
365,1,1,1,6,4,4,60.0,4.0,0,18.0,0,0,10.0,0,0,0,1,0,0,0,3,1
366,1,1,1,6,4,4,60.0,4.0,0,18.0,0,0,10.0,0,0,0,1,0,0,0,3,1
367,0,0,0,0,4,0,19.0,0.0,0,20.0,0,0,24.0,0,0,0,1,0,0,0,0,1
368,0,0,0,0,4,0,19.0,0.0,0,20.0,0,0,24.0,0,0,0,1,0,0,0,0,1
369,1,1,1,0,4,2,60.0,2.0,0,27.0,0,0,33.0,0,0,0,1,0,0,2,3,1
370,1,1,1,0,4,2,60.0,2.0,0,27.0,0,0,33.0,0,0,0,1,0,0,2,3,1
371,0,0,0,0,5,0,11.0,0.0,0,21.0,0,0,27.0,0,0,0,1,0,0,0,0,1
372,0,0,0,0,5,0,11.0,0.0,0,21.0,0,0,27.0,0,0,0,1,0,0,0,0,1
373,1,1,1,0,5,0,37.0,0.0,0,23.0,0,0,23.0,0,0,0,0,0,0,0,3,0
374,1,1,1,0,5,0,37.0,0.0,0,23.0,0,0,23.0,0,0,0,0,0,0,0,3,0
375,0,0,0,0,4,0,31.0,0.0,0,10.0,0,0,7.0,0,0,0,0,0,0,1,0,0
376,0,0,0,0,4,0,31.0,0.0,0,10.0,0,0,7.0,0,0,0,0,0,0,1,0,0
377,0,0,0,0,0,0,25.0,0.0,0,26.0,0,0,22.0,0,0,0,0,0,0,1,0,0
378,0,0,0,0,0,0,25.0,0.0,0,26.0,0,0,22.0,0,0,0,0,0,0,1,0,0
379,1,1,1,0,3,0,22.0,0.0,0,3.0,0,0,31.0,0,0,0,0,0,0,0,3,0
380,1,1,1,0,3,0,22.0,0.0,0,3.0,0,0,31.0,0,0,0,0,0,0,0,3,0
381,0,0,0,0,2,2,60.0,2.0,0,20.0,0,0,22.0,0,0,0,0,0,0,0,0,0
382,0,0,0,0,2,2,60.0,2.0,0,20.0,0,0,22.0,0,0,0,0,0,0,0,0,0
383,1,1,1,0,4,0,34.0,0.0,0,16.0,0,0,32.0,0,0,0,0,0,0,0,3,0
384,1,1,1,0,4,0,34.0,0.0,0,16.0,0,0,32.0,0,0,0,0,0,0,0,3,0
385,1,1,1,13,6,33,60.0,33.0,9,60.0,9,34,180.0,11,4,0,2,0,1,1,3,3
386,1,1,1,13,6,33,60.0,33.0,9,60.0,9,34,180.0,11,4,0,2,0,1,1,3,3
387,0,0,0,0,6,7,60.0,7.0,0,23.0,0,0,25.0,0,0,0,0,0,0,0,0,0
388,0,0,0,0,6,7,60.0,7.0,0,23.0,0,0,25.0,0,0,0,0,0,0,0,0,0
389,0,0,0,0,5,0,12.0,0.0,0,20.0,0,0,23.0,0,0,0,0,0,0,0,0,0
390,0,0,0,0,5,0,12.0,0.0,0,20.0,0,0,23.0,0,0,0,0,0,0,0,0,0
391,1,1,1,0,3,8,60.0,8.0,0,13.0,0,0,34.0,0,0,0,0,0,0,1,3,0
392,1,1,1,0,3,8,60.0,8.0,0,13.0,0,0,34.0,0,0,0,0,0,0,1,3,0
393,1,1,1,0,3,2,60.0,2.0,0,25.0,0,0,17.0,0,0,0,0,0,0,0,3,0
394,1,1,1,0,3,2,60.0,2.0,0,25.0,0,0,17.0,0,0,0,0,0,0,0,3,0
395,1,1,1,0,5,3,60.0,3.0,0,30.0,0,0,31.0,0,0,0,1,0,0,1,3,1
396,1,1,1,0,5,3,60.0,3.0,0,30.0,0,0,31.0,0,0,0,1,0,0,1,3,1
397,0,0,0,0,5,5,60.0,5.0,0,2.0,0,0,3.0,0,0,0,1,0,0,0,0,1
398,0,0,0,0,5,5,60.0,5.0,0,2.0,0,0,3.0,0,0,0,1,0,0,0,0,1
399,1,1,1,0,1,3,60.0,3.0,0,21.0,0,5,180.0,2,0,0,2,0,0,0,3,2
400,1,1,1,0,1,3,60.0,3.0,0,21.0,0,5,180.0,2,0,0,2,0,0,0,3,2
401,1,1,1,0,4,0,48.0,0.0,0,13.0,0,0,14.0,0,0,0,1,0,0,2,3,1
402,1,1,1,0,4,0,48.0,0.0,0,13.0,0,0,14.0,0,0,0,1,0,0,2,3,1
403,1,1,1,0,7,1,60.0,1.0,0,11.0,0,0,23.0,0,0,0,2,0,0,1,3,2
404,1,1,1,0,7,1,60.0,1.0,0,11.0,0,0,23.0,0,0,0,2,0,0,1,3,2
405,1,1,1,0,2,0,17.0,0.0,0,25.0,0,0,17.0,0,0,0,1,0,0,0,3,1
406,1,1,1,0,2,0,17.0,0.0,0,25.0,0,0,17.0,0,0,0,1,0,0,0,3,1
407,1,1,1,0,4,0,22.0,0.0,0,18.0,0,0,25.0,0,0,0,1,0,0,0,3,1
408,1,1,1,0,4,0,22.0,0.0,0,18.0,0,0,25.0,0,0,0,1,0,0,0,3,1
409,0,0,0,1,3,0,38.0,0.0,0,26.0,0,0,27.0,0,0,0,0,0,0,1,0,0
410,0,0,0,1,3,0,38.0,0.0,0,26.0,0,0,27.0,0,0,0,0,0,0,1,0,0
411,1,1,1,0,0,0,,48.485308056872036,0,,0,0,,0,0,0,0,0,0,0,3,0
412,1,1,1,0,0,0,,48.485308056872036,0,,0,0,,0,0,0,0,0,0,0,3,0
413,1,1,1,0,4,9,60.0,9.0,0,25.0,0,0,43.0,0,0,0,0,0,0,1,3,0
414,1,1,1,0,4,9,60.0,9.0,0,25.0,0,0,43.0,0,0,0,0,0,0,1,3,0
415,1,1,1,0,5,4,60.0,4.0,0,23.0,0,4,180.0,1,3,0,2,0,0,3,3,2
416,1,0,0,0,4,1,45.0,1.0,0,15.0,0,0,23.0,0,0,0,0,0,0,0,1,0
417,1,1,1,0,6,18,60.0,18.0,4,60.0,4,8,180.0,3,3,0,0,0,0,4,3,0
418,1,0,0,0,4,9,60.0,9.0,0,22.0,0,0,28.0,0,0,0,0,0,0,0,1,0
419,1,1,1,3,4,40,60.0,40.0,11,60.0,11,17,88.0,12,2,0,2,0,0,3,3,2
420,1,1,1,0,0,0,32.0,0.0,0,22.0,0,0,32.0,0,0,0,1,0,0,0,3,1
421,1,1,1,42,8,60,60.0,60.0,47,52.0,54,58,41.0,85,9,1,2,0,0,3,3,3
422,1,1,0,23,3,50,60.0,50.0,32,60.0,32,54,72.0,45,5,1,2,0,1,3,2,4
423,1,1,1,1,5,52,60.0,52.0,3,60.0,3,17,180.0,6,0,0,2,0,0,2,3,2
424,1,0,1,0,4,5,60.0,5.0,0,48.0,0,0,38.0,0,0,0,1,0,0,1,2,1
425,1,0,0,6,5,39,60.0,39.0,7,60.0,7,37,177.0,13,2,0,2,0,1,4,1,3
426,1,0,0,0,5,7,60.0,7.0,1,60.0,1,0,47.0,0,0,0,1,0,1,3,1,2
427,1,1,1,0,3,4,60.0,4.0,0,22.0,0,0,26.0,0,0,0,0,0,0,0,3,0
428,1,1,1,0,3,4,60.0,4.0,0,22.0,0,0,26.0,0,0,0,0,0,0,0,3,0
429,1,1,1,0,3,4,60.0,4.0,0,22.0,0,0,26.0,0,0,0,0,0,0,0,3,0
430,1,1,1,0,3,4,60.0,4.0,0,22.0,0,0,26.0,0,0,0,0,0,0,0,3,0
431,1,1,1,0,6,7,60.0,7.0,1,60.0,1,0,30.0,0,0,1,1,0,1,0,3,3
432,1,1,1,0,6,7,60.0,7.0,1,60.0,1,0,30.0,0,0,1,1,0,1,0,3,3
433,1,1,1,0,6,7,60.0,7.0,1,60.0,1,0,30.0,0,0,1,1,0,1,0,3,3
434,1,1,1,0,6,7,60.0,7.0,1,60.0,1,0,30.0,0,0,1,1,0,1,0,3,3
435,1,0,0,0,5,2,60.0,2.0,0,25.0,0,0,34.0,0,0,0,0,0,0,0,1,0
436,1,0,0,0,5,2,60.0,2.0,0,25.0,0,0,34.0,0,0,0,0,0,0,0,1,0
437,1,0,0,0,5,2,60.0,2.0,0,25.0,0,0,34.0,0,0,0,0,0,0,0,1,0
438,1,0,0,0,5,2,60.0,2.0,0,25.0,0,0,34.0,0,0,0,0,0,0,0,1,0
439,1,1,1,14,1,51,60.0,51.0,40,60.0,40,56,111.0,30,0,0,0,0,0,0,3,0
440,1,1,1,14,1,51,60.0,51.0,40,60.0,40,56,111.0,30,0,0,0,0,0,0,3,0
441,1,1,1,14,1,51,60.0,51.0,40,60.0,40,56,111.0,30,0,0,0,0,0,0,3,0
442,1,1,1,14,1,51,60.0,51.0,40,60.0,40,56,111.0,30,0,0,0,0,0,0,3,0
443,1,1,1,18,9,70,60.0,70.0,0,30.0,0,0,30.0,0,0,0,0,0,0,0,3,0
444,1,1,1,18,9,70,60.0,70.0,0,30.0,0,0,30.0,0,0,0,0,0,0,0,3,0
445,1,1,1,18,9,70,60.0,70.0,0,30.0,0,0,30.0,0,0,0,0,0,0,0,3,0
446,1,1,1,18,9,70,60.0,70.0,0,30.0,0,0,30.0,0,0,0,0,0,0,0,3,0
447,1,1,1,0,5,2,60.0,2.0,0,19.0,0,0,34.0,0,0,0,0,0,0,1,3,0
448,1,1,1,0,5,2,60.0,2.0,0,19.0,0,0,34.0,0,0,0,0,0,0,1,3,0
449,1,1,1,0,5,2,60.0,2.0,0,19.0,0,0,34.0,0,0,0,0,0,0,1,3,0
450,1,1,1,0,5,2,60.0,2.0,0,19.0,0,0,34.0,0,0,0,0,0,0,1,3,0
451,1,1,1,18,7,41,60.0,41.0,23,60.0,23,54,156.0,21,6,2,1,0,0,4,3,3
452,1,0,0,7,6,38,60.0,38.0,11,60.0,11,45,180.0,15,4,0,2,0,0,1,1,2
453,1,1,1,16,5,87,60.0,87.0,20,60.0,20,49,84.0,35,7,2,2,0,0,4,3,4
454,1,1,1,15,3,61,60.0,61.0,12,60.0,12,45,134.0,20,5,2,2,0,0,3,3,4
455,1,1,1,12,6,74,60.0,74.0,18,60.0,18,40,102.0,24,4,0,2,0,0,3,3,2
456,0,0,0,0,0,58,60.0,58.0,9,60.0,9,28,113.0,15,3,0,0,0,0,4,0,0
457,1,1,1,28,7,90,60.0,90.0,43,60.0,43,59,47.0,75,9,0,2,0,0,4,3,2
458,1,1,1,20,4,74,60.0,74.0,23,60.0,23,51,95.0,32,5,1,2,0,0,2,3,3
459,1,1,1,0,5,44,60.0,44.0,3,60.0,3,12,180.0,4,1,0,2,0,0,0,3,2
460,0,1,0,0,2,11,60.0,11.0,0,25.0,0,6,180.0,2,0,0,1,0,0,0,1,1
461,1,1,1,12,4,53,60.0,53.0,12,60.0,12,38,92.0,25,4,1,2,0,1,2,3,4
462,1,1,1,0,4,48,60.0,48.0,13,60.0,13,29,91.0,19,1,0,2,0,0,1,3,2
463,1,1,1,0,6,8,60.0,8.0,0,27.0,0,0,28.0,0,0,0,2,0,0,0,3,2
464,1,1,1,0,6,8,60.0,8.0,0,27.0,0,0,28.0,0,0,0,2,0,0,0,3,2
465,1,1,1,0,6,8,60.0,8.0,0,27.0,0,0,28.0,0,0,0,2,0,0,0,3,2
466,1,1,1,14,6,37,60.0,37.0,13,60.0,13,51,178.0,17,4,0,2,0,0,3,3,2
467,1,1,1,14,6,37,60.0,37.0,13,60.0,13,51,178.0,17,4,0,2,0,0,3,3,2
468,1,1,1,14,6,37,60.0,37.0,13,60.0,13,51,178.0,17,4,0,2,0,0,3,3,2
469,1,1,1,0,2,66,60.0,66.0,0,29.0,0,0,29.0,0,0,0,1,0,0,0,3,1
470,1,1,1,0,2,66,60.0,66.0,0,29.0,0,0,29.0,0,0,0,1,0,0,0,3,1
471,1,1,1,0,2,66,60.0,66.0,0,29.0,0,0,29.0,0,0,0,1,0,0,0,3,1
472,1,1,1,0,4,22,60.0,22.0,1,60.0,1,22,180.0,7,1,0,1,0,0,4,3,1
473,1,1,1,0,4,22,60.0,22.0,1,60.0,1,22,180.0,7,1,0,1,0,0,4,3,1
474,1,1,1,0,4,22,60.0,22.0,1,60.0,1,22,180.0,7,1,0,1,0,0,4,3,1
475,1,1,1,10,0,68,60.0,68.0,19,60.0,19,34,126.0,16,1,0,2,0,0,4,3,2
476,1,1,1,10,0,68,60.0,68.0,19,60.0,19,34,126.0,16,1,0,2,0,0,4,3,2
477,1,1,1,10,0,68,60.0,68.0,19,60.0,19,34,126.0,16,1,0,2,0,0,4,3,2
478,1,1,1,0,3,6,60.0,6.0,0,23.0,0,5,60.0,5,0,0,2,0,0,0,3,2
479,1,1,1,0,3,6,60.0,6.0,0,23.0,0,5,60.0,5,0,0,2,0,0,0,3,2
480,1,1,1,0,3,6,60.0,6.0,0,23.0,0,5,60.0,5,0,0,2,0,0,0,3,2
481,1,1,1,17,2,59,60.0,59.0,16,60.0,16,56,154.0,22,6,0,2,0,0,3,3,2
482,1,1,1,17,2,59,60.0,59.0,16,60.0,16,56,154.0,22,6,0,2,0,0,3,3,2
483,1,1,1,17,2,59,60.0,59.0,16,60.0,16,56,154.0,22,6,0,2,0,0,3,3,2
484,1,1,1,0,6,5,60.0,5.0,0,13.0,0,0,28.0,0,0,0,1,0,0,3,3,1
485,1,1,1,0,6,5,60.0,5.0,0,13.0,0,0,28.0,0,0,0,1,0,0,3,3,1
486,1,1,1,0,6,5,60.0,5.0,0,13.0,0,0,28.0,0,0,0,1,0,0,3,3,1
487,1,1,1,0,5,40,60.0,40.0,2,60.0,2,28,174.0,10,2,0,2,0,0,1,3,2
488,1,1,1,0,5,40,60.0,40.0,2,60.0,2,28,174.0,10,2,0,2,0,0,1,3,2
489,1,1,1,0,5,40,60.0,40.0,2,60.0,2,28,174.0,10,2,0,2,0,0,1,3,2
490,1,1,0,0,7,1,60.0,1.0,0,36.0,0,0,38.0,0,0,0,0,0,0,0,2,0
491,1,1,0,0,7,1,60.0,1.0,0,36.0,0,0,38.0,0,0,0,0,0,0,0,2,0
492,1,1,0,0,7,1,60.0,1.0,0,36.0,0,0,38.0,0,0,0,0,0,0,0,2,0
493,1,0,1,10,2,64,60.0,64.0,3,60.0,3,24,149.0,10,0,0,1,0,0,1,2,1
494,1,0,1,10,2,64,60.0,64.0,3,60.0,3,24,149.0,10,0,0,1,0,0,1,2,1
495,1,0,1,10,2,64,60.0,64.0,3,60.0,3,24,149.0,10,0,0,1,0,0,1,2,1
496,1,1,1,0,4,7,60.0,7.0,0,14.0,0,0,14.0,0,0,0,1,0,0,1,3,1
497,1,1,1,0,4,7,60.0,7.0,0,14.0,0,0,14.0,0,0,0,1,0,0,1,3,1
498,1,1,1,0,4,7,60.0,7.0,0,14.0,0,0,14.0,0,0,0,1,0,0,1,3,1
499,1,1,1,0,6,34,60.0,34.0,0,24.0,0,0,31.0,0,0,0,2,0,0,0,3,2
500,1,1,1,0,6,34,60.0,34.0,0,24.0,0,0,31.0,0,0,0,2,0,0,0,3,2
501,1,1,1,0,6,34,60.0,34.0,0,24.0,0,0,31.0,0,0,0,2,0,0,0,3,2
502,1,1,1,30,7,85,60.0,85.0,35,60.0,35,51,130.0,24,0,0,2,0,0,0,3,2
503,1,1,1,30,7,85,60.0,85.0,35,60.0,35,51,130.0,24,0,0,2,0,0,0,3,2
504,1,1,1,30,7,85,60.0,85.0,35,60.0,35,51,130.0,24,0,0,2,0,0,0,3,2
505,1,1,1,0,6,2,60.0,2.0,0,21.0,0,0,16.0,0,0,0,2,0,0,2,3,2
506,1,1,1,0,6,2,60.0,2.0,0,21.0,0,0,16.0,0,0,0,2,0,0,2,3,2
507,1,1,1,0,6,2,60.0,2.0,0,21.0,0,0,16.0,0,0,0,2,0,0,2,3,2
508,1,1,1,0,4,10,60.0,10.0,0,21.0,0,0,24.0,0,0,0,2,0,0,1,3,2
509,1,1,1,0,4,10,60.0,10.0,0,21.0,0,0,24.0,0,0,0,2,0,0,1,3,2
510,1,1,1,0,4,10,60.0,10.0,0,21.0,0,0,24.0,0,0,0,2,0,0,1,3,2
511,1,1,1,0,5,5,60.0,5.0,0,24.0,0,1,60.0,1,0,0,2,1,0,1,3,3
512,1,1,1,0,5,5,60.0,5.0,0,24.0,0,1,60.0,1,0,0,2,1,0,1,3,3
513,1,1,1,0,5,5,60.0,5.0,0,24.0,0,1,60.0,1,0,0,2,1,0,1,3,3
514,1,1,1,7,8,53,60.0,53.0,7,60.0,7,23,180.0,8,0,0,2,0,0,3,3,2
515,1,1,1,7,8,53,60.0,53.0,7,60.0,7,23,180.0,8,0,0,2,0,0,3,3,2
516,1,1,1,7,8,53,60.0,53.0,7,60.0,7,23,180.0,8,0,0,2,0,0,3,3,2
517,1,0,0,0,5,11,60.0,11.0,0,51.0,0,0,49.0,0,0,0,0,0,0,1,1,0
518,1,0,0,0,5,11,60.0,11.0,0,51.0,0,0,49.0,0,0,0,0,0,0,1,1,0
519,1,0,0,0,5,11,60.0,11.0,0,51.0,0,0,49.0,0,0,0,0,0,0,1,1,0
520,1,1,1,7,4,37,60.0,37.0,4,60.0,4,27,180.0,9,0,0,2,0,0,1,3,2
521,1,1,1,7,4,37,60.0,37.0,4,60.0,4,27,180.0,9,0,0,2,0,0,1,3,2
522,1,1,1,7,4,37,60.0,37.0,4,60.0,4,27,180.0,9,0,0,2,0,0,1,3,2
523,0,0,0,0,6,1,60.0,1.0,0,46.0,0,0,56.0,0,0,0,0,0,0,0,0,0
524,0,0,0,0,6,1,60.0,1.0,0,46.0,0,0,56.0,0,0,0,0,0,0,0,0,0
525,0,0,0,0,6,1,60.0,1.0,0,46.0,0,0,56.0,0,0,0,0,0,0,0,0,0
526,1,1,1,0,6,20,60.0,20.0,1,60.0,1,5,180.0,2,1,0,1,0,0,0,3,1
527,1,1,1,0,6,20,60.0,20.0,1,60.0,1,5,180.0,2,1,0,1,0,0,0,3,1
528,1,1,1,0,6,20,60.0,20.0,1,60.0,1,5,180.0,2,1,0,1,0,0,0,3,1
529,1,1,1,0,5,9,60.0,9.0,1,60.0,1,2,60.0,2,1,0,2,0,0,1,3,2
530,1,1,1,0,5,9,60.0,9.0,1,60.0,1,2,60.0,2,1,0,2,0,0,1,3,2
531,1,1,1,0,5,9,60.0,9.0,1,60.0,1,2,60.0,2,1,0,2,0,0,1,3,2
532,1,1,1,9,5,60,60.0,60.0,17,60.0,17,49,180.0,16,1,1,2,0,0,4,3,3
533,1,1,1,9,5,60,60.0,60.0,17,60.0,17,49,180.0,16,1,1,2,0,0,4,3,3
534,1,1,1,9,5,60,60.0,60.0,17,60.0,17,49,180.0,16,1,1,2,0,0,4,3,3
535,1,1,0,0,4,4,60.0,4.0,0,34.0,0,0,37.0,0,0,0,0,0,0,0,2,0
536,1,1,0,0,4,4,60.0,4.0,0,34.0,0,0,37.0,0,0,0,0,0,0,0,2,0
537,1,1,0,0,4,4,60.0,4.0,0,34.0,0,0,37.0,0,0,0,0,0,0,0,2,0
538,1,1,1,3,3,28,60.0,28.0,4,60.0,4,20,180.0,7,0,0,2,0,0,0,3,2
539,1,1,1,3,3,28,60.0,28.0,4,60.0,4,20,180.0,7,0,0,2,0,0,0,3,2
540,1,1,1,3,3,28,60.0,28.0,4,60.0,4,20,180.0,7,0,0,2,0,0,0,3,2
541,1,1,1,0,3,5,60.0,5.0,0,18.0,0,0,22.0,0,0,0,1,0,0,0,3,1
542,1,1,1,0,3,5,60.0,5.0,0,18.0,0,0,22.0,0,0,0,1,0,0,0,3,1
543,1,1,1,0,3,5,60.0,5.0,0,18.0,0,0,22.0,0,0,0,1,0,0,0,3,1
544,1,1,1,0,6,7,60.0,7.0,4,60.0,4,6,180.0,2,0,0,1,0,0,0,3,1
545,1,1,1,0,6,7,60.0,7.0,4,60.0,4,6,180.0,2,0,0,1,0,0,0,3,1
546,1,1,1,0,6,7,60.0,7.0,4,60.0,4,6,180.0,2,0,0,1,0,0,0,3,1
547,1,1,1,0,4,1,60.0,1.0,0,23.0,0,0,27.0,0,0,0,0,0,0,0,3,0
548,1,1,1,0,4,1,60.0,1.0,0,23.0,0,0,27.0,0,0,0,0,0,0,0,3,0
549,1,1,1,0,4,1,60.0,1.0,0,23.0,0,0,27.0,0,0,0,0,0,0,0,3,0
550,1,1,1,0,3,7,60.0,7.0,1,60.0,1,6,180.0,2,2,0,0,0,0,1,3,0
551,1,1,1,0,3,7,60.0,7.0,1,60.0,1,6,180.0,2,2,0,0,0,0,1,3,0
552,1,1,1,0,3,7,60.0,7.0,1,60.0,1,6,180.0,2,2,0,0,0,0,1,3,0
553,1,1,1,7,5,11,60.0,11.0,11,60.0,11,44,180.0,15,0,0,2,0,1,1,3,3
554,1,1,1,7,5,11,60.0,11.0,11,60.0,11,44,180.0,15,0,0,2,0,1,1,3,3
555,1,1,1,7,5,11,60.0,11.0,11,60.0,11,44,180.0,15,0,0,2,0,1,1,3,3
556,1,1,1,7,5,11,60.0,11.0,11,60.0,11,44,180.0,15,0,0,2,0,1,1,3,3
557,1,0,1,0,5,62,60.0,62.0,9,60.0,9,30,105.0,17,4,1,2,0,0,1,2,3
558,1,0,1,0,5,62,60.0,62.0,9,60.0,9,30,105.0,17,4,1,2,0,0,1,2,3
559,1,0,1,0,5,62,60.0,62.0,9,60.0,9,30,105.0,17,4,1,2,0,0,1,2,3
560,1,0,1,0,5,62,60.0,62.0,9,60.0,9,30,105.0,17,4,1,2,0,0,1,2,3
561,1,1,1,0,6,26,60.0,26.0,2,60.0,2,21,180.0,7,3,0,2,0,1,4,3,3
562,1,1,1,0,6,26,60.0,26.0,2,60.0,2,21,180.0,7,3,0,2,0,1,4,3,3
563,1,1,1,0,6,26,60.0,26.0,2,60.0,2,21,180.0,7,3,0,2,0,1,4,3,3
564,1,1,1,0,6,26,60.0,26.0,2,60.0,2,21,180.0,7,3,0,2,0,1,4,3,3
565,1,1,1,15,3,64,60.0,64.0,13,60.0,13,38,131.0,17,0,0,1,0,0,3,3,1
566,1,1,1,15,3,64,60.0,64.0,13,60.0,13,38,131.0,17,0,0,1,0,0,3,3,1
567,1,1,1,15,3,64,60.0,64.0,13,60.0,13,38,131.0,17,0,0,1,0,0,3,3,1
568,1,1,1,15,3,64,60.0,64.0,13,60.0,13,38,131.0,17,0,0,1,0,0,3,3,1
569,1,1,1,10,5,55,60.0,55.0,13,60.0,13,45,174.0,16,2,0,2,0,0,0,3,2
570,1,1,1,10,5,55,60.0,55.0,13,60.0,13,45,174.0,16,2,0,2,0,0,0,3,2
571,1,1,1,10,5,55,60.0,55.0,13,60.0,13,45,174.0,16,2,0,2,0,0,0,3,2
572,1,1,1,10,5,55,60.0,55.0,13,60.0,13,45,174.0,16,2,0,2,0,0,0,3,2
573,0,0,0,0,9,8,60.0,8.0,4,60.0,4,10,180.0,3,0,0,0,0,0,2,0,0
574,0,0,0,0,9,8,60.0,8.0,4,60.0,4,10,180.0,3,0,0,0,0,0,2,0,0
575,0,0,0,0,9,8,60.0,8.0,4,60.0,4,10,180.0,3,0,0,0,0,0,2,0,0
576,0,0,0,0,9,8,60.0,8.0,4,60.0,4,10,180.0,3,0,0,0,0,0,2,0,0
577,1,1,1,0,3,4,60.0,4.0,4,60.0,4,21,180.0,7,0,0,2,0,0,1,3,2
578,1,1,1,0,3,4,60.0,4.0,4,60.0,4,21,180.0,7,0,0,2,0,0,1,3,2
579,1,1,1,0,3,4,60.0,4.0,4,60.0,4,21,180.0,7,0,0,2,0,0,1,3,2
580,1,1,1,0,3,4,60.0,4.0,4,60.0,4,21,180.0,7,0,0,2,0,0,1,3,2
581,1,0,0,10,7,68,60.0,68.0,2,60.0,2,8,180.0,3,3,0,2,0,0,2,1,2
582,1,0,0,10,7,68,60.0,68.0,2,60.0,2,8,180.0,3,3,0,2,0,0,2,1,2
583,1,0,0,10,7,68,60.0,68.0,2,60.0,2,8,180.0,3,3,0,2,0,0,2,1,2
584,1,0,0,10,7,68,60.0,68.0,2,60.0,2,8,180.0,3,3,0,2,0,0,2,1,2
585,1,1,1,15,3,39,60.0,39.0,12,60.0,12,0,22.0,0,0,0,2,0,1,4,3,3
586,1,1,1,15,3,39,60.0,39.0,12,60.0,12,0,22.0,0,0,0,2,0,1,4,3,3
587,1,1,1,6,4,35,60.0,35.0,9,60.0,9,26,138.0,11,3,0,2,0,0,0,3,2
588,1,1,1,6,4,35,60.0,35.0,9,60.0,9,26,138.0,11,3,0,2,0,0,0,3,2
589,1,1,1,26,5,51,60.0,51.0,14,60.0,14,57,128.0,27,7,0,2,0,0,2,3,2
590,1,1,1,26,5,51,60.0,51.0,14,60.0,14,57,128.0,27,7,0,2,0,0,2,3,2
591,1,1,1,19,8,47,60.0,47.0,5,60.0,5,42,180.0,14,0,0,2,0,0,0,3,2
592,1,1,1,19,8,47,60.0,47.0,5,60.0,5,42,180.0,14,0,0,2,0,0,0,3,2
593,1,1,1,12,5,66,60.0,66.0,23,60.0,23,58,47.0,74,10,1,2,0,0,4,3,3
594,1,1,1,12,5,66,60.0,66.0,23,60.0,23,58,47.0,74,10,1,2,0,0,4,3,3
595,1,1,1,20,7,44,60.0,44.0,26,60.0,26,55,91.0,36,9,0,2,0,1,2,3,3
596,1,1,1,20,7,44,60.0,44.0,26,60.0,26,55,91.0,36,9,0,2,0,1,2,3,3
597,1,1,1,14,6,48,60.0,48.0,6,60.0,6,35,114.0,18,2,0,2,0,0,2,3,2
598,1,1,1,14,6,48,60.0,48.0,6,60.0,6,35,114.0,18,2,0,2,0,0,2,3,2
599,1,1,1,0,6,23,60.0,23.0,2,60.0,2,14,180.0,5,1,0,2,0,1,3,3,3
600,1,1,1,0,6,23,60.0,23.0,2,60.0,2,14,180.0,5,1,0,2,0,1,3,3,3
601,1,1,1,28,6,36,60.0,36.0,24,60.0,24,48,105.0,27,8,0,2,0,1,2,3,3
602,1,1,1,28,6,36,60.0,36.0,24,60.0,24,48,105.0,27,8,0,2,0,1,2,3,3
603,1,1,1,18,5,62,60.0,62.0,24,60.0,24,41,114.0,22,5,0,2,0,0,2,3,2
604,1,1,1,18,5,62,60.0,62.0,24,60.0,24,41,114.0,22,5,0,2,0,0,2,3,2
605,1,1,1,21,7,52,60.0,52.0,27,60.0,27,57,66.0,52,10,2,2,0,1,3,3,5
606,1,1,1,21,7,52,60.0,52.0,27,60.0,27,57,66.0,52,10,2,2,0,1,3,3,5
607,1,1,1,17,7,51,60.0,51.0,20,60.0,20,52,104.0,30,5,1,2,0,1,2,3,4
608,1,1,1,17,7,51,60.0,51.0,20,60.0,20,52,104.0,30,5,1,2,0,1,2,3,4
609,1,1,1,24,8,29,60.0,29.0,14,60.0,14,44,97.0,27,5,0,2,0,1,2,3,3
610,1,1,1,24,8,29,60.0,29.0,14,60.0,14,44,97.0,27,5,0,2,0,1,2,3,3
611,1,1,1,24,8,65,60.0,65.0,20,60.0,20,39,121.0,19,5,0,2,0,1,2,3,3
612,1,1,1,24,8,65,60.0,65.0,20,60.0,20,39,121.0,19,5,0,2,0,1,2,3,3
613,1,1,1,42,10,88,60.0,88.0,13,60.0,13,48,111.0,26,10,1,2,1,1,4,3,5
614,1,1,0,36,1,58,60.0,58.0,44,59.0,45,58,39.0,89,9,0,2,0,1,3,2,3
615,1,1,1,29,5,42,60.0,42.0,41,60.0,41,60,42.0,86,9,2,2,0,0,3,3,4
616,1,1,1,3,9,65,60.0,65.0,2,60.0,2,0,18.0,0,9,0,2,0,0,2,3,2
617,1,0,1,11,6,60,60.0,60.0,8,60.0,8,47,132.0,21,5,1,2,0,0,3,2,3
618,1,1,1,3,3,40,60.0,40.0,47,36.0,78,60,39.0,92,4,0,0,0,0,3,3,0
619,1,1,0,47,7,97,60.0,97.0,47,58.0,49,59,44.0,80,7,4,2,0,0,3,2,6
620,1,0,0,36,8,55,60.0,55.0,48,52.0,55,57,32.0,107,8,3,2,0,1,2,1,6
621,1,1,1,44,5,62,60.0,62.0,50,47.0,64,60,43.0,84,10,3,2,0,1,4,3,6
622,1,1,1,45,9,54,60.0,54.0,49,50.0,59,60,34.0,106,10,4,2,1,0,3,3,7
623,1,1,1,42,8,70,60.0,70.0,50,44.0,68,60,32.0,113,9,3,1,0,0,4,3,4
624,1,1,1,0,3,12,60.0,12.0,3,60.0,3,0,21.0,0,0,0,0,0,0,3,3,0
625,1,1,1,0,5,11,60.0,11.0,2,60.0,2,0,28.0,0,0,0,0,0,0,0,3,0
626,1,1,1,34,7,86,60.0,86.0,33,58.0,34,55,54.0,61,9,4,2,1,1,3,3,8
627,1,1,1,22,8,85,60.0,85.0,20,60.0,20,53,103.0,31,8,1,2,0,0,4,3,3
628,1,1,1,49,6,70,60.0,70.0,49,47.0,63,60,33.0,109,8,4,2,1,1,4,3,8
629,1,1,1,47,9,71,60.0,71.0,47,45.0,63,60,43.0,84,9,3,2,1,1,3,3,7
630,1,1,1,50,8,89,60.0,89.0,50,38.0,79,60,28.0,129,9,4,2,0,1,2,3,7
631,1,1,1,50,7,100,60.0,100.0,49,49.0,60,60,31.0,116,8,3,2,0,1,2,3,6
632,1,1,1,3,8,47,60.0,47.0,1,60.0,1,0,25.0,0,3,0,2,0,1,1,3,3
633,1,1,1,3,8,47,60.0,47.0,1,60.0,1,0,25.0,0,3,0,2,0,1,1,3,3
634,1,1,1,8,2,24,60.0,24.0,3,60.0,3,0,20.0,0,0,0,2,0,0,3,3,2
635,1,1,1,8,2,24,60.0,24.0,3,60.0,3,0,20.0,0,0,0,2,0,0,3,3,2
636,1,1,1,0,0,18,60.0,18.0,17,60.0,17,45,119.0,23,0,0,2,0,0,2,3,2
637,1,1,1,0,0,18,60.0,18.0,17,60.0,17,45,119.0,23,0,0,2,0,0,2,3,2
638,1,1,1,14,7,62,60.0,62.0,6,60.0,6,31,180.0,10,2,0,2,0,0,0,3,2
639,1,1,1,0,1,3,60.0,3.0,0,22.0,0,8,180.0,3,0,0,0,0,0,0,3,0
640,1,1,1,15,6,88,60.0,88.0,3,60.0,3,31,180.0,10,10,1,2,0,1,4,3,4
641,1,1,1,0,7,21,60.0,21.0,2,60.0,2,26,180.0,9,4,0,2,0,0,3,3,2
642,1,1,1,0,2,5,60.0,5.0,10,60.0,10,51,,0,0,0,0,0,0,1,3,0
643,1,1,1,0,6,23,60.0,23.0,0,33.0,0,17,180.0,6,3,0,1,0,0,1,3,1
644,1,1,1,0,6,3,60.0,3.0,0,25.0,0,0,21.0,0,1,0,1,0,0,1,3,1
645,1,1,1,5,4,49,60.0,49.0,0,26.0,0,10,180.0,3,3,0,2,0,0,2,3,2
646,1,1,1,6,4,39,60.0,39.0,13,60.0,13,42,160.0,16,3,0,2,0,1,3,3,3
647,1,0,1,10,5,26,60.0,26.0,9,60.0,9,24,166.0,9,1,0,2,0,0,2,2,2
648,1,1,1,50,9,40,27.0,89.0,3,60.0,3,24,180.0,8,10,4,2,0,0,4,3,6
649,1,1,1,32,9,75,60.0,75.0,28,60.0,28,56,110.0,31,6,2,2,0,1,4,3,5
650,1,1,1,32,9,75,60.0,75.0,28,60.0,28,56,110.0,31,6,2,2,0,1,4,3,5
651,1,1,1,32,9,75,60.0,75.0,28,60.0,28,56,110.0,31,6,2,2,0,1,4,3,5
652,1,1,1,22,8,60,60.0,60.0,18,60.0,18,50,172.0,17,2,0,2,0,1,1,3,3
653,1,1,1,22,8,60,60.0,60.0,18,60.0,18,50,172.0,17,2,0,2,0,1,1,3,3
654,1,1,1,22,8,60,60.0,60.0,18,60.0,18,50,172.0,17,2,0,2,0,1,1,3,3
655,1,1,1,22,7,75,60.0,75.0,29,60.0,29,56,87.0,39,6,0,2,0,1,4,3,3
656,1,1,1,22,7,75,60.0,75.0,29,60.0,29,56,87.0,39,6,0,2,0,1,4,3,3
657,1,1,1,22,7,75,60.0,75.0,29,60.0,29,56,87.0,39,6,0,2,0,1,4,3,3
658,1,1,1,12,3,57,60.0,57.0,9,60.0,9,43,142.0,18,3,0,2,0,0,1,3,2
659,1,1,1,12,3,57,60.0,57.0,9,60.0,9,43,142.0,18,3,0,2,0,0,1,3,2
660,1,1,1,12,3,57,60.0,57.0,9,60.0,9,43,142.0,18,3,0,2,0,0,1,3,2
661,1,1,1,39,3,75,60.0,75.0,45,60.0,45,59,39.0,91,10,4,2,0,1,4,3,7
662,1,1,1,39,3,75,60.0,75.0,45,60.0,45,59,39.0,91,10,4,2,0,1,4,3,7
663,1,1,1,39,3,75,60.0,75.0,45,60.0,45,59,39.0,91,10,4,2,0,1,4,3,7
664,1,1,1,4,5,40,60.0,40.0,3,60.0,3,35,180.0,12,3,0,0,0,0,2,3,0
665,1,1,1,4,5,40,60.0,40.0,3,60.0,3,35,180.0,12,3,0,0,0,0,2,3,0
666,1,1,1,4,5,40,60.0,40.0,3,60.0,3,35,180.0,12,3,0,0,0,0,2,3,0
667,1,1,1,40,3,60,60.0,60.0,46,60.0,46,60,43.0,84,7,4,2,1,1,4,3,8
668,1,1,1,40,3,60,60.0,60.0,46,60.0,46,60,43.0,84,7,4,2,1,1,4,3,8
669,1,1,1,40,3,60,60.0,60.0,46,60.0,46,60,43.0,84,7,4,2,1,1,4,3,8
670,1,1,1,34,5,57,60.0,57.0,37,60.0,37,58,82.0,42,6,1,2,0,1,1,3,4
671,1,1,1,34,5,57,60.0,57.0,37,60.0,37,58,82.0,42,6,1,2,0,1,1,3,4
672,1,1,1,34,5,57,60.0,57.0,37,60.0,37,58,82.0,42,6,1,2,0,1,1,3,4
673,1,1,1,18,2,62,60.0,62.0,12,60.0,12,44,124.0,21,4,0,2,0,0,3,3,2
674,1,1,1,18,2,62,60.0,62.0,12,60.0,12,44,124.0,21,4,0,2,0,0,3,3,2
675,1,1,1,18,2,62,60.0,62.0,12,60.0,12,44,124.0,21,4,0,2,0,0,3,3,2
676,0,1,1,9,7,40,60.0,40.0,3,60.0,3,28,180.0,9,3,0,2,0,0,3,2,2
677,0,1,1,9,7,40,60.0,40.0,3,60.0,3,28,180.0,9,3,0,2,0,0,3,2,2
678,0,1,1,9,7,40,60.0,40.0,3,60.0,3,28,180.0,9,3,0,2,0,0,3,2,2
679,1,1,1,0,4,52,60.0,52.0,3,60.0,3,30,180.0,10,2,0,1,0,0,4,3,1
680,1,1,1,0,4,52,60.0,52.0,3,60.0,3,30,180.0,10,2,0,1,0,0,4,3,1
681,1,1,1,0,4,52,60.0,52.0,3,60.0,3,30,180.0,10,2,0,1,0,0,4,3,1
682,1,1,1,25,2,62,60.0,62.0,18,60.0,18,53,132.0,24,3,0,2,0,0,2,3,2
683,1,1,1,25,2,62,60.0,62.0,18,60.0,18,53,132.0,24,3,0,2,0,0,2,3,2
684,1,1,1,25,2,62,60.0,62.0,18,60.0,18,53,132.0,24,3,0,2,0,0,2,3,2
685,1,1,1,0,4,43,60.0,43.0,1,60.0,1,25,180.0,8,5,0,1,0,0,4,3,1
686,1,1,1,0,4,43,60.0,43.0,1,60.0,1,25,180.0,8,5,0,1,0,0,4,3,1
687,1,1,1,0,4,43,60.0,43.0,1,60.0,1,25,180.0,8,5,0,1,0,0,4,3,1
688,1,1,0,0,4,35,60.0,35.0,3,60.0,3,10,180.0,3,3,0,1,0,0,4,2,1
689,1,1,0,0,4,35,60.0,35.0,3,60.0,3,10,180.0,3,3,0,1,0,0,4,2,1
690,1,1,0,0,4,35,60.0,35.0,3,60.0,3,10,180.0,3,3,0,1,0,0,4,2,1
691,1,1,1,25,5,50,60.0,50.0,41,60.0,41,60,50.0,72,8,2,1,0,0,1,3,3
692,1,1,1,25,5,50,60.0,50.0,41,60.0,41,60,50.0,72,8,2,1,0,0,1,3,3
693,1,1,1,25,5,50,60.0,50.0,41,60.0,41,60,50.0,72,8,2,1,0,0,1,3,3
694,1,1,1,27,5,49,60.0,49.0,26,60.0,26,59,65.0,54,3,0,2,0,1,0,3,3
695,1,1,1,27,5,49,60.0,49.0,26,60.0,26,59,65.0,54,3,0,2,0,1,0,3,3
696,1,1,1,27,5,49,60.0,49.0,26,60.0,26,59,65.0,54,3,0,2,0,1,0,3,3
697,1,1,1,26,5,85,60.0,85.0,39,60.0,39,50,77.0,39,7,1,2,0,0,4,3,3
698,1,1,1,26,5,85,60.0,85.0,39,60.0,39,50,77.0,39,7,1,2,0,0,4,3,3
699,1,1,1,26,5,85,60.0,85.0,39,60.0,39,50,77.0,39,7,1,2,0,0,4,3,3
700,1,1,1,17,6,46,60.0,46.0,26,60.0,26,52,110.0,28,5,0,2,0,0,3,3,2
701,1,1,1,17,6,46,60.0,46.0,26,60.0,26,52,110.0,28,5,0,2,0,0,3,3,2
702,1,1,1,17,6,46,60.0,46.0,26,60.0,26,52,110.0,28,5,0,2,0,0,3,3,2
703,1,1,1,17,8,59,60.0,59.0,31,60.0,31,60,74.0,49,9,0,2,0,1,4,3,3
704,1,1,1,17,8,59,60.0,59.0,31,60.0,31,60,74.0,49,9,0,2,0,1,4,3,3
705,1,1,1,17,8,59,60.0,59.0,31,60.0,31,60,74.0,49,9,0,2,0,1,4,3,3
706,1,1,1,15,4,54,60.0,54.0,17,60.0,17,52,145.0,22,5,0,1,0,0,3,3,1
707,1,1,1,15,4,54,60.0,54.0,17,60.0,17,52,145.0,22,5,0,1,0,0,3,3,1
708,1,1,1,15,4,54,60.0,54.0,17,60.0,17,52,145.0,22,5,0,1,0,0,3,3,1
709,1,0,0,0,4,8,60.0,8.0,19,60.0,19,57,63.0,54,0,0,0,0,0,1,1,0
710,1,1,1,21,4,37,60.0,37.0,31,60.0,31,60,63.0,57,0,0,1,0,0,1,3,1
711,1,1,1,0,0,31,60.0,31.0,1,60.0,1,41,180.0,14,0,0,2,0,0,0,3,2
712,1,1,1,0,5,11,60.0,11.0,11,60.0,11,56,125.0,27,3,0,1,0,0,3,3,1
713,1,1,1,0,4,2,60.0,2.0,0,21.0,0,0,19.0,0,0,0,0,0,0,3,3,0
714,1,1,1,5,5,30,60.0,30.0,3,60.0,3,25,180.0,8,6,0,1,0,0,2,3,1
715,1,1,1,0,6,4,60.0,4.0,45,60.0,45,58,78.0,45,0,0,0,0,0,0,3,0
716,1,1,1,10,3,15,60.0,15.0,6,60.0,6,50,140.0,21,4,0,1,0,0,0,3,1
717,1,1,1,48,10,100,58.0,103.0,48,38.0,76,59,32.0,111,10,4,2,0,0,4,3,6
718,1,0,1,32,6,95,60.0,95.0,46,54.0,51,59,48.0,74,8,3,2,0,0,3,2,5
719,1,1,1,0,5,0,25.0,0.0,28,60.0,28,56,88.0,38,0,0,0,0,0,2,3,0
720,1,1,1,37,6,66,60.0,66.0,3,60.0,3,33,180.0,11,8,1,2,1,0,2,3,4
721,1,1,1,24,3,72,60.0,72.0,44,46.0,57,60,40.0,90,9,1,2,0,1,2,3,4
722,1,1,1,26,7,93,60.0,93.0,47,38.0,74,60,30.0,120,9,3,2,0,1,3,3,6
723,1,1,1,25,6,88,60.0,88.0,45,60.0,45,59,38.0,93,9,2,2,0,1,3,3,5
724,1,1,1,25,6,88,60.0,88.0,45,60.0,45,59,38.0,93,9,2,2,0,1,3,3,5
725,1,1,1,25,6,88,60.0,88.0,45,60.0,45,59,38.0,93,9,2,2,0,1,3,3,5
726,1,1,1,26,6,83,60.0,83.0,42,60.0,42,59,80.0,44,8,1,2,0,1,2,3,4
727,1,1,1,26,6,83,60.0,83.0,42,60.0,42,59,80.0,44,8,1,2,0,1,2,3,4
728,1,1,1,26,6,83,60.0,83.0,42,60.0,42,59,80.0,44,8,1,2,0,1,2,3,4
729,1,1,0,0,0,64,60.0,64.0,29,60.0,29,50,72.0,42,5,1,1,0,0,2,2,2
730,1,1,0,0,0,64,60.0,64.0,29,60.0,29,50,72.0,42,5,1,1,0,0,2,2,2
731,1,1,0,0,0,64,60.0,64.0,29,60.0,29,50,72.0,42,5,1,1,0,0,2,2,2
732,1,1,1,0,2,45,60.0,45.0,13,60.0,13,47,84.0,34,5,1,2,0,0,2,3,3
733,1,1,1,0,2,45,60.0,45.0,13,60.0,13,47,84.0,34,5,1,2,0,0,2,3,3
734,1,1,1,0,2,45,60.0,45.0,13,60.0,13,47,84.0,34,5,1,2,0,0,2,3,3
735,1,1,1,0,3,9,60.0,9.0,2,60.0,2,26,180.0,9,1,0,0,0,1,4,3,1
736,1,1,1,0,3,9,60.0,9.0,2,60.0,2,26,180.0,9,1,0,0,0,1,4,3,1
737,1,1,1,0,3,9,60.0,9.0,2,60.0,2,26,180.0,9,1,0,0,0,1,4,3,1
738,1,1,1,0,5,4,60.0,4.0,2,60.0,2,15,180.0,5,0,0,1,0,0,2,3,1
739,1,1,1,0,5,4,60.0,4.0,2,60.0,2,15,180.0,5,0,0,1,0,0,2,3,1
740,1,1,1,0,5,4,60.0,4.0,2,60.0,2,15,180.0,5,0,0,1,0,0,2,3,1
741,1,1,1,7,4,43,60.0,43.0,1,60.0,1,19,180.0,6,2,0,2,0,1,4,3,3
742,1,1,1,7,4,43,60.0,43.0,1,60.0,1,19,180.0,6,2,0,2,0,1,4,3,3
743,1,1,1,7,4,43,60.0,43.0,1,60.0,1,19,180.0,6,2,0,2,0,1,4,3,3
744,1,1,1,0,2,30,60.0,30.0,0,0.0,0,0,0.0,0,0,0,0,0,0,0,3,0
745,1,1,1,0,2,30,60.0,30.0,0,0.0,0,0,0.0,0,0,0,0,0,0,0,3,0
746,1,1,1,0,2,30,60.0,30.0,0,0.0,0,0,0.0,0,0,0,0,0,0,0,3,0
747,1,1,1,49,9,100,54.0,111.0,48,43.0,67,60,37.0,97,10,4,1,1,1,4,3,7
748,1,1,1,49,9,100,54.0,111.0,48,43.0,67,60,37.0,97,10,4,1,1,1,4,3,7
749,1,1,1,49,9,100,54.0,111.0,48,43.0,67,60,37.0,97,10,4,1,1,1,4,3,7
750,1,1,1,47,7,100,54.0,111.0,47,35.0,81,60,40.0,90,10,3,2,1,1,3,3,7
751,1,1,1,47,7,100,54.0,111.0,47,35.0,81,60,40.0,90,10,3,2,1,1,3,3,7
752,1,1,1,47,7,100,54.0,111.0,47,35.0,81,60,40.0,90,10,3,2,1,1,3,3,7
753,1,1,1,11,9,85,60.0,85.0,31,60.0,31,60,53.0,68,10,2,2,0,1,4,3,5
754,1,1,1,11,9,85,60.0,85.0,31,60.0,31,60,53.0,68,10,2,2,0,1,4,3,5
755,1,1,1,11,9,85,60.0,85.0,31,60.0,31,60,53.0,68,10,2,2,0,1,4,3,5
756,1,1,0,5,5,77,60.0,77.0,18,60.0,18,56,88.0,38,10,3,2,0,1,4,2,6
757,1,1,0,5,5,77,60.0,77.0,18,60.0,18,56,88.0,38,10,3,2,0,1,4,2,6
758,1,1,0,5,5,77,60.0,77.0,18,60.0,18,56,88.0,38,10,3,2,0,1,4,2,6
759,1,1,1,50,10,100,55.0,109.0,50,36.0,83,60,27.0,133,10,4,2,1,1,4,3,8
760,1,1,1,50,10,100,55.0,109.0,50,36.0,83,60,27.0,133,10,4,2,1,1,4,3,8
761,1,1,1,50,10,100,55.0,109.0,50,36.0,83,60,27.0,133,10,4,2,1,1,4,3,8
762,1,1,1,50,9,87,60.0,87.0,50,46.0,65,60,29.0,124,10,4,2,0,1,3,3,7
763,1,1,1,50,9,87,60.0,87.0,50,46.0,65,60,29.0,124,10,4,2,0,1,3,3,7
764,1,1,1,50,9,87,60.0,87.0,50,46.0,65,60,29.0,124,10,4,2,0,1,3,3,7
765,1,1,1,50,9,100,56.0,107.0,50,39.0,77,60,32.0,113,9,4,2,1,1,3,3,8
766,1,1,1,50,9,100,56.0,107.0,50,39.0,77,60,32.0,113,9,4,2,1,1,3,3,8
767,1,1,1,50,9,100,56.0,107.0,50,39.0,77,60,32.0,113,9,4,2,1,1,3,3,8
768,1,1,1,32,6,90,60.0,90.0,50,47.0,64,60,37.0,97,7,3,2,0,1,1,3,6
769,1,1,1,32,6,90,60.0,90.0,50,47.0,64,60,37.0,97,7,3,2,0,1,1,3,6
770,1,1,1,32,6,90,60.0,90.0,50,47.0,64,60,37.0,97,7,3,2,0,1,1,3,6
771,1,1,1,0,6,80,60.0,80.0,3,60.0,3,41,160.0,15,5,2,2,0,0,3,3,4
772,1,1,1,0,6,80,60.0,80.0,3,60.0,3,41,160.0,15,5,2,2,0,0,3,3,4
773,1,1,1,0,6,80,60.0,80.0,3,60.0,3,41,160.0,15,5,2,2,0,0,3,3,4
774,1,0,0,0,5,68,60.0,68.0,1,60.0,1,37,180.0,12,4,0,2,0,1,2,1,3
775,1,0,0,0,5,68,60.0,68.0,1,60.0,1,37,180.0,12,4,0,2,0,1,2,1,3
776,1,0,0,0,5,68,60.0,68.0,1,60.0,1,37,180.0,12,4,0,2,0,1,2,1,3
777,1,1,1,46,8,99,60.0,99.0,48,37.0,78,58,24.0,145,9,4,2,0,1,4,3,7
778,1,1,1,46,8,99,60.0,99.0,48,37.0,78,58,24.0,145,9,4,2,0,1,4,3,7
779,1,1,1,46,8,99,60.0,99.0,48,37.0,78,58,24.0,145,9,4,2,0,1,4,3,7
780,1,1,1,29,6,99,60.0,99.0,50,38.0,79,60,32.0,113,10,4,2,0,1,3,3,7
781,1,1,1,29,6,99,60.0,99.0,50,38.0,79,60,32.0,113,10,4,2,0,1,3,3,7
782,1,1,1,29,6,99,60.0,99.0,50,38.0,79,60,32.0,113,10,4,2,0,1,3,3,7
783,1,1,1,10,8,49,60.0,49.0,13,60.0,13,39,162.0,14,9,0,2,1,1,4,3,4
784,1,1,1,10,8,49,60.0,49.0,13,60.0,13,39,162.0,14,9,0,2,1,1,4,3,4
785,1,1,1,10,8,49,60.0,49.0,13,60.0,13,39,162.0,14,9,0,2,1,1,4,3,4
786,1,1,1,10,8,49,60.0,49.0,13,60.0,13,39,162.0,14,9,0,2,1,1,4,3,4
787,1,1,1,3,6,27,60.0,27.0,2,60.0,2,17,180.0,6,0,0,1,0,0,0,3,1
788,1,1,1,3,6,27,60.0,27.0,2,60.0,2,17,180.0,6,0,0,1,0,0,0,3,1
789,1,1,1,3,6,27,60.0,27.0,2,60.0,2,17,180.0,6,0,0,1,0,0,0,3,1
790,1,1,1,3,6,27,60.0,27.0,2,60.0,2,17,180.0,6,0,0,1,0,0,0,3,1
791,1,1,1,12,8,56,60.0,56.0,5,60.0,5,50,137.0,22,9,1,2,0,1,4,3,4
792,1,1,1,12,8,56,60.0,56.0,5,60.0,5,50,137.0,22,9,1,2,0,1,4,3,4
793,1,1,1,12,8,56,60.0,56.0,5,60.0,5,50,137.0,22,9,1,2,0,1,4,3,4
794,1,1,1,12,8,56,60.0,56.0,5,60.0,5,50,137.0,22,9,1,2,0,1,4,3,4
795,1,1,1,9,6,50,60.0,50.0,3,60.0,3,29,180.0,10,3,0,2,0,1,0,3,3
796,1,1,1,9,6,50,60.0,50.0,3,60.0,3,29,180.0,10,3,0,2,0,1,0,3,3
797,1,1,1,9,6,50,60.0,50.0,3,60.0,3,29,180.0,10,3,0,2,0,1,0,3,3
798,1,1,1,9,6,50,60.0,50.0,3,60.0,3,29,180.0,10,3,0,2,0,1,0,3,3
799,1,1,1,3,6,16,60.0,16.0,0,17.0,0,7,180.0,2,10,0,2,1,0,2,3,3
800,1,1,1,3,6,16,60.0,16.0,0,17.0,0,7,180.0,2,10,0,2,1,0,2,3,3
801,1,1,1,3,6,16,60.0,16.0,0,17.0,0,7,180.0,2,10,0,2,1,0,2,3,3
802,1,1,1,3,6,16,60.0,16.0,0,17.0,0,7,180.0,2,10,0,2,1,0,2,3,3
803,1,1,1,0,5,13,60.0,13.0,0,18.0,0,0,11.0,0,0,0,2,0,0,1,3,2
804,1,1,1,0,5,13,60.0,13.0,0,18.0,0,0,11.0,0,0,0,2,0,0,1,3,2
805,1,1,1,0,5,13,60.0,13.0,0,18.0,0,0,11.0,0,0,0,2,0,0,1,3,2
806,1,1,1,0,5,13,60.0,13.0,0,18.0,0,0,11.0,0,0,0,2,0,0,1,3,2
807,1,1,1,0,4,18,60.0,18.0,0,26.0,0,13,180.0,4,0,0,2,0,0,3,3,2
808,1,1,1,0,4,18,60.0,18.0,0,26.0,0,13,180.0,4,0,0,2,0,0,3,3,2
809,1,1,1,0,4,18,60.0,18.0,0,26.0,0,13,180.0,4,0,0,2,0,0,3,3,2
810,1,1,1,0,4,18,60.0,18.0,0,26.0,0,13,180.0,4,0,0,2,0,0,3,3,2
811,0,1,0,0,4,9,60.0,9.0,2,60.0,2,0,12.0,0,0,0,1,0,0,0,1,1
812,0,1,0,0,4,9,60.0,9.0,2,60.0,2,0,12.0,0,0,0,1,0,0,0,1,1
813,0,1,0,0,4,9,60.0,9.0,2,60.0,2,0,12.0,0,0,0,1,0,0,0,1,1
814,0,1,0,0,4,9,60.0,9.0,2,60.0,2,0,12.0,0,0,0,1,0,0,0,1,1
815,1,1,1,5,3,47,60.0,47.0,5,60.0,5,30,180.0,10,8,0,0,0,0,2,3,0
816,1,1,1,5,3,47,60.0,47.0,5,60.0,5,30,180.0,10,8,0,0,0,0,2,3,0
817,1,1,1,5,3,47,60.0,47.0,5,60.0,5,30,180.0,10,8,0,0,0,0,2,3,0
818,1,1,1,5,3,47,60.0,47.0,5,60.0,5,30,180.0,10,8,0,0,0,0,2,3,0
819,1,1,1,7,4,39,60.0,39.0,3,60.0,3,20,180.0,7,0,0,1,0,0,1,3,1
820,1,1,1,7,4,39,60.0,39.0,3,60.0,3,20,180.0,7,0,0,1,0,0,1,3,1
821,1,1,1,7,4,39,60.0,39.0,3,60.0,3,20,180.0,7,0,0,1,0,0,1,3,1
822,1,1,1,7,4,39,60.0,39.0,3,60.0,3,20,180.0,7,0,0,1,0,0,1,3,1
823,1,1,1,9,7,55,60.0,55.0,6,60.0,6,39,180.0,13,0,0,0,0,0,0,3,0
824,1,1,1,9,7,55,60.0,55.0,6,60.0,6,39,180.0,13,0,0,0,0,0,0,3,0
825,1,1,1,9,7,55,60.0,55.0,6,60.0,6,39,180.0,13,0,0,0,0,0,0,3,0
826,1,1,1,9,7,55,60.0,55.0,6,60.0,6,39,180.0,13,0,0,0,0,0,0,3,0
827,1,1,1,13,4,59,60.0,59.0,7,60.0,7,32,180.0,11,2,0,1,0,1,1,3,2
828,1,1,1,13,4,59,60.0,59.0,7,60.0,7,32,180.0,11,2,0,1,0,1,1,3,2
829,1,1,1,13,4,59,60.0,59.0,7,60.0,7,32,180.0,11,2,0,1,0,1,1,3,2
830,1,1,1,13,4,59,60.0,59.0,7,60.0,7,32,180.0,11,2,0,1,0,1,1,3,2
831,0,1,1,11,5,55,60.0,55.0,11,60.0,11,34,146.0,14,10,4,2,0,1,4,2,7
832,0,1,1,11,5,55,60.0,55.0,11,60.0,11,34,146.0,14,10,4,2,0,1,4,2,7
833,0,1,1,11,5,55,60.0,55.0,11,60.0,11,34,146.0,14,10,4,2,0,1,4,2,7
834,0,1,1,11,5,55,60.0,55.0,11,60.0,11,34,146.0,14,10,4,2,0,1,4,2,7
835,1,1,1,4,1,37,60.0,37.0,5,60.0,5,20,180.0,7,0,0,2,0,0,1,3,2
836,1,1,1,4,1,37,60.0,37.0,5,60.0,5,20,180.0,7,0,0,2,0,0,1,3,2
837,1,1,1,4,1,37,60.0,37.0,5,60.0,5,20,180.0,7,0,0,2,0,0,1,3,2
838,1,1,1,4,1,37,60.0,37.0,5,60.0,5,20,180.0,7,0,0,2,0,0,1,3,2
839,1,1,0,26,5,70,60.0,70.0,3,60.0,3,6,180.0,2,7,1,2,0,1,0,2,4
840,1,1,0,26,5,70,60.0,70.0,3,60.0,3,6,180.0,2,7,1,2,0,1,0,2,4
841,1,1,1,12,8,31,60.0,31.0,4,60.0,4,40,180.0,13,2,0,1,0,0,3,3,1
842,1,1,1,12,8,31,60.0,31.0,4,60.0,4,40,180.0,13,2,0,1,0,0,3,3,1
843,1,1,1,0,6,8,60.0,8.0,0,23.0,0,5,180.0,2,1,0,1,0,0,4,3,1
844,1,1,1,0,6,8,60.0,8.0,0,23.0,0,5,180.0,2,1,0,1,0,0,4,3,1
845,1,1,1,11,4,71,60.0,71.0,4,60.0,4,9,180.0,3,5,2,2,0,0,3,3,4
846,1,1,1,11,4,71,60.0,71.0,4,60.0,4,9,180.0,3,5,2,2,0,0,3,3,4
847,1,1,1,6,3,9,60.0,9.0,4,60.0,4,11,180.0,4,0,0,2,0,0,2,3,2
848,1,1,1,6,3,9,60.0,9.0,4,60.0,4,11,180.0,4,0,0,2,0,0,2,3,2
849,1,1,1,7,6,16,60.0,16.0,2,60.0,2,13,180.0,4,1,0,1,0,0,1,3,1
850,1,1,1,7,6,16,60.0,16.0,2,60.0,2,13,180.0,4,1,0,1,0,0,1,3,1
851,1,1,0,25,8,85,60.0,85.0,32,60.0,32,55,78.0,42,5,0,2,0,0,2,2,2
852,1,1,0,25,8,85,60.0,85.0,32,60.0,32,55,78.0,42,5,0,2,0,0,2,2,2
853,1,1,0,25,8,85,60.0,85.0,32,60.0,32,55,78.0,42,5,0,2,0,0,2,2,2
854,1,1,0,25,8,85,60.0,85.0,32,60.0,32,55,78.0,42,5,0,2,0,0,2,2,2
855,1,1,1,19,7,79,60.0,79.0,13,60.0,13,52,124.0,25,4,0,2,0,0,3,3,2
856,1,1,1,19,7,79,60.0,79.0,13,60.0,13,52,124.0,25,4,0,2,0,0,3,3,2
857,1,1,1,19,7,79,60.0,79.0,13,60.0,13,52,124.0,25,4,0,2,0,0,3,3,2
858,1,1,1,19,7,79,60.0,79.0,13,60.0,13,52,124.0,25,4,0,2,0,0,3,3,2
859,1,1,1,20,6,78,60.0,78.0,28,60.0,28,51,97.0,32,3,1,2,0,0,4,3,3
860,1,1,1,20,6,78,60.0,78.0,28,60.0,28,51,97.0,32,3,1,2,0,0,4,3,3
861,1,1,1,20,6,78,60.0,78.0,28,60.0,28,51,97.0,32,3,1,2,0,0,4,3,3
862,1,1,1,20,6,78,60.0,78.0,28,60.0,28,51,97.0,32,3,1,2,0,0,4,3,3
863,1,1,0,14,2,50,60.0,50.0,22,60.0,22,48,119.0,24,3,1,2,0,0,0,2,3
864,1,1,0,14,2,50,60.0,50.0,22,60.0,22,48,119.0,24,3,1,2,0,0,0,2,3
865,1,1,0,14,2,50,60.0,50.0,22,60.0,22,48,119.0,24,3,1,2,0,0,0,2,3
866,1,1,0,14,2,50,60.0,50.0,22,60.0,22,48,119.0,24,3,1,2,0,0,0,2,3
867,1,1,1,22,7,82,60.0,82.0,44,60.0,44,57,68.0,50,6,4,2,0,0,4,3,6
868,1,1,1,22,7,82,60.0,82.0,44,60.0,44,57,68.0,50,6,4,2,0,0,4,3,6
869,1,1,1,22,7,82,60.0,82.0,44,60.0,44,57,68.0,50,6,4,2,0,0,4,3,6
870,1,1,1,22,7,82,60.0,82.0,44,60.0,44,57,68.0,50,6,4,2,0,0,4,3,6
871,1,1,1,21,4,60,60.0,60.0,28,60.0,28,55,99.0,33,4,1,2,0,0,4,3,3
872,1,1,1,21,4,60,60.0,60.0,28,60.0,28,55,99.0,33,4,1,2,0,0,4,3,3
873,1,1,1,21,4,60,60.0,60.0,28,60.0,28,55,99.0,33,4,1,2,0,0,4,3,3
874,1,1,1,21,4,60,60.0,60.0,28,60.0,28,55,99.0,33,4,1,2,0,0,4,3,3
875,1,1,0,40,6,76,60.0,76.0,48,44.0,65,60,32.0,113,10,3,2,0,0,4,2,5
876,1,1,0,40,6,76,60.0,76.0,48,44.0,65,60,32.0,113,10,3,2,0,0,4,2,5
877,1,1,0,40,6,76,60.0,76.0,48,44.0,65,60,32.0,113,10,3,2,0,0,4,2,5
878,1,1,0,40,6,76,60.0,76.0,48,44.0,65,60,32.0,113,10,3,2,0,0,4,2,5
879,1,0,1,23,4,72,60.0,72.0,45,60.0,45,57,56.0,61,4,1,2,0,0,3,2,3
880,1,0,1,23,4,72,60.0,72.0,45,60.0,45,57,56.0,61,4,1,2,0,0,3,2,3
881,1,0,1,23,4,72,60.0,72.0,45,60.0,45,57,56.0,61,4,1,2,0,0,3,2,3
882,1,0,1,23,4,72,60.0,72.0,45,60.0,45,57,56.0,61,4,1,2,0,0,3,2,3
883,1,1,1,8,4,84,60.0,84.0,30,60.0,30,55,88.0,38,9,3,2,0,0,4,3,5
884,1,1,1,8,4,84,60.0,84.0,30,60.0,30,55,88.0,38,9,3,2,0,0,4,3,5
885,1,1,1,8,4,84,60.0,84.0,30,60.0,30,55,88.0,38,9,3,2,0,0,4,3,5
886,1,1,1,8,4,84,60.0,84.0,30,60.0,30,55,88.0,38,9,3,2,0,0,4,3,5
887,1,1,1,0,3,60,60.0,60.0,8,60.0,8,44,130.0,20,6,0,2,0,0,3,3,2
888,1,1,1,0,3,60,60.0,60.0,8,60.0,8,44,130.0,20,6,0,2,0,0,3,3,2
889,1,1,1,0,3,60,60.0,60.0,8,60.0,8,44,130.0,20,6,0,2,0,0,3,3,2
890,1,1,1,0,3,60,60.0,60.0,8,60.0,8,44,130.0,20,6,0,2,0,0,3,3,2
891,1,1,1,32,7,73,60.0,73.0,15,60.0,15,42,132.0,19,10,4,2,1,0,4,3,7
892,1,1,1,32,7,73,60.0,73.0,15,60.0,15,42,132.0,19,10,4,2,1,0,4,3,7
893,1,1,1,6,7,57,60.0,57.0,7,60.0,7,45,147.0,18,5,1,2,0,0,4,3,3
894,1,1,1,6,7,57,60.0,57.0,7,60.0,7,45,147.0,18,5,1,2,0,0,4,3,3
895,1,1,1,18,5,97,60.0,97.0,26,60.0,26,51,111.0,28,7,1,2,0,0,3,3,3
896,1,1,1,18,5,97,60.0,97.0,26,60.0,26,51,111.0,28,7,1,2,0,0,3,3,3
897,1,0,1,23,2,13,60.0,13.0,34,60.0,34,49,77.0,38,1,0,2,0,1,1,2,3
898,1,0,1,23,2,13,60.0,13.0,34,60.0,34,49,77.0,38,1,0,2,0,1,1,2,3
899,1,1,1,0,3,68,60.0,68.0,4,60.0,4,32,174.0,11,5,0,0,0,0,2,3,0
900,1,1,1,0,3,68,60.0,68.0,4,60.0,4,32,174.0,11,5,0,0,0,0,2,3,0
901,1,1,1,12,4,13,60.0,13.0,0,3.0,0,0,22.0,0,0,0,0,0,0,1,3,0
902,1,1,1,12,4,13,60.0,13.0,0,3.0,0,0,22.0,0,0,0,0,0,0,1,3,0
903,1,1,1,17,7,61,60.0,61.0,13,60.0,13,55,120.0,28,8,2,2,1,0,3,3,5
904,1,0,0,16,0,40,60.0,40.0,0,25.0,0,47,164.0,17,5,2,2,0,0,2,1,4
905,1,1,1,0,5,42,60.0,42.0,3,60.0,3,10,180.0,3,0,0,2,0,1,3,3,3
906,1,1,1,3,5,28,60.0,28.0,3,60.0,3,0,21.0,0,0,0,0,0,0,1,3,0
907,1,1,1,0,4,3,60.0,3.0,0,30.0,0,0,31.0,0,0,0,1,0,0,2,3,1
908,1,1,1,0,6,1,60.0,1.0,1,60.0,1,0,20.0,0,0,0,0,0,0,0,3,0
909,1,1,1,0,4,0,40.0,0.0,0,30.0,0,0,29.0,0,0,0,2,0,0,3,3,2
910,0,0,0,0,3,0,35.0,0.0,0,22.0,0,0,35.0,0,0,0,1,0,0,0,0,1
911,1,1,1,0,5,2,60.0,2.0,0,27.0,0,7,180.0,2,0,0,1,0,0,4,3,1
912,1,1,1,0,6,2,60.0,2.0,0,31.0,0,1,180.0,0,2,0,1,0,0,3,3,1
913,1,1,1,0,0,9,60.0,9.0,0,24.0,0,0,28.0,0,0,0,0,0,0,1,3,0
914,1,1,1,0,0,9,60.0,9.0,0,24.0,0,0,28.0,0,0,0,0,0,0,1,3,0
915,1,1,1,0,8,40,60.0,40.0,11,60.0,11,43,68.0,38,2,0,2,0,0,3,3,2
916,1,1,1,0,8,40,60.0,40.0,11,60.0,11,43,68.0,38,2,0,2,0,0,3,3,2
917,1,1,1,12,3,28,60.0,28.0,25,60.0,25,52,85.0,37,1,0,2,0,0,0,3,2
918,1,1,1,12,3,28,60.0,28.0,25,60.0,25,52,85.0,37,1,0,2,0,0,0,3,2
919,1,1,1,0,5,62,60.0,62.0,44,41.0,64,60,31.0,116,9,1,2,0,1,4,3,4
920,1,1,1,0,5,62,60.0,62.0,44,41.0,64,60,31.0,116,9,1,2,0,1,4,3,4
921,1,1,1,29,9,81,60.0,81.0,25,60.0,25,55,83.0,40,8,1,2,0,0,3,3,3
922,1,1,1,29,9,81,60.0,81.0,25,60.0,25,55,83.0,40,8,1,2,0,0,3,3,3
923,1,1,1,6,6,42,60.0,42.0,14,60.0,14,48,116.0,25,9,0,2,0,1,4,3,3
924,1,1,1,6,6,42,60.0,42.0,14,60.0,14,48,116.0,25,9,0,2,0,1,4,3,3
925,1,1,1,0,10,30,60.0,30.0,0,28.0,0,9,180.0,3,0,0,0,0,0,3,3,0
926,1,1,1,0,10,30,60.0,30.0,0,28.0,0,9,180.0,3,0,0,0,0,0,3,3,0
927,1,1,1,31,9,66,60.0,66.0,30,49.0,37,49,79.0,37,4,3,2,0,0,3,3,5
928,1,1,1,31,9,66,60.0,66.0,30,49.0,37,49,79.0,37,4,3,2,0,0,3,3,5
929,1,1,1,31,9,66,60.0,66.0,30,49.0,37,49,79.0,37,4,3,2,0,0,3,3,5
930,1,1,0,18,5,52,60.0,52.0,14,60.0,14,43,81.0,32,2,0,2,0,0,2,2,2
931,1,1,0,18,5,52,60.0,52.0,14,60.0,14,43,81.0,32,2,0,2,0,0,2,2,2
932,1,1,0,18,5,52,60.0,52.0,14,60.0,14,43,81.0,32,2,0,2,0,0,2,2,2
933,1,1,1,49,10,92,60.0,92.0,50,30.0,100,60,24.0,150,10,4,2,1,1,4,3,8
934,1,1,1,49,10,92,60.0,92.0,50,30.0,100,60,24.0,150,10,4,2,1,1,4,3,8
935,1,1,1,49,10,92,60.0,92.0,50,30.0,100,60,24.0,150,10,4,2,1,1,4,3,8
936,1,1,0,50,8,97,60.0,97.0,50,34.0,88,60,28.0,129,10,4,2,0,0,3,2,6
937,1,1,0,50,8,97,60.0,97.0,50,34.0,88,60,28.0,129,10,4,2,0,0,3,2,6
938,1,1,0,50,8,97,60.0,97.0,50,34.0,88,60,28.0,129,10,4,2,0,0,3,2,6
939,1,1,0,35,7,82,60.0,82.0,47,52.0,54,59,39.0,91,8,2,2,0,1,4,2,5
940,1,1,0,35,7,82,60.0,82.0,47,52.0,54,59,39.0,91,8,2,2,0,1,4,2,5
941,1,1,0,35,7,82,60.0,82.0,47,52.0,54,59,39.0,91,8,2,2,0,1,4,2,5
942,1,1,1,38,8,79,60.0,79.0,45,59.0,46,60,45.0,80,7,2,2,0,1,4,3,5
943,1,1,1,38,8,79,60.0,79.0,45,59.0,46,60,45.0,80,7,2,2,0,1,4,3,5
944,1,1,1,38,8,79,60.0,79.0,45,59.0,46,60,45.0,80,7,2,2,0,1,4,3,5
945,1,1,1,15,8,74,60.0,74.0,27,60.0,27,56,65.0,52,9,0,2,1,1,4,3,4
946,1,1,1,15,8,74,60.0,74.0,27,60.0,27,56,65.0,52,9,0,2,1,1,4,3,4
947,1,1,1,15,8,74,60.0,74.0,27,60.0,27,56,65.0,52,9,0,2,1,1,4,3,4
948,1,1,1,0,7,78,60.0,78.0,18,60.0,18,51,80.0,38,9,0,2,0,1,3,3,3
949,1,1,1,0,7,78,60.0,78.0,18,60.0,18,51,80.0,38,9,0,2,0,1,3,3,3
950,1,1,1,0,7,78,60.0,78.0,18,60.0,18,51,80.0,38,9,0,2,0,1,3,3,3
951,1,1,1,6,6,77,60.0,77.0,0,19.0,0,8,180.0,3,5,0,2,0,0,2,3,2
952,1,1,1,6,6,77,60.0,77.0,0,19.0,0,8,180.0,3,5,0,2,0,0,2,3,2
953,1,1,1,3,4,31,60.0,31.0,0,7.0,0,0,22.0,0,0,0,1,0,1,0,3,2
954,1,1,1,3,4,31,60.0,31.0,0,7.0,0,0,22.0,0,0,0,1,0,1,0,3,2
955,1,1,1,0,6,14,60.0,14.0,3,60.0,3,29,180.0,10,0,0,2,0,0,0,3,2
956,1,1,1,0,6,14,60.0,14.0,3,60.0,3,29,180.0,10,0,0,2,0,0,0,3,2
957,1,1,1,35,7,80,60.0,80.0,1,60.0,1,24,180.0,8,10,2,2,0,1,4,3,5
958,1,1,1,35,7,80,60.0,80.0,1,60.0,1,24,180.0,8,10,2,2,0,1,4,3,5
959,1,1,0,0,5,17,60.0,17.0,43,56.0,46,58,39.0,89,2,0,0,0,0,0,2,0
960,1,1,0,0,5,17,60.0,17.0,43,56.0,46,58,39.0,89,2,0,0,0,0,0,2,0
961,1,1,1,9,4,37,60.0,37.0,3,60.0,3,14,180.0,5,0,0,2,0,0,1,3,2
962,1,1,1,9,4,37,60.0,37.0,3,60.0,3,14,180.0,5,0,0,2,0,0,1,3,2
963,1,1,1,17,5,39,60.0,39.0,7,60.0,7,46,134.0,21,4,0,2,0,0,2,3,2
964,1,1,1,17,5,39,60.0,39.0,7,60.0,7,46,134.0,21,4,0,2,0,0,2,3,2
965,1,1,1,15,4,31,60.0,31.0,6,60.0,6,0,30.0,0,0,0,2,0,0,1,3,2
966,1,1,1,15,4,31,60.0,31.0,6,60.0,6,0,30.0,0,0,0,2,0,0,1,3,2
967,1,1,1,10,1,43,60.0,43.0,15,60.0,15,46,94.0,29,2,0,2,0,0,1,3,2
968,1,1,1,10,1,43,60.0,43.0,15,60.0,15,46,94.0,29,2,0,2,0,0,1,3,2
969,1,1,1,30,4,86,60.0,86.0,33,60.0,33,54,51.0,64,8,1,2,0,0,3,3,3
970,1,1,1,30,4,86,60.0,86.0,33,60.0,33,54,51.0,64,8,1,2,0,0,3,3,3
971,1,1,1,29,3,53,60.0,53.0,31,60.0,31,60,68.0,53,6,1,2,0,0,4,3,3
972,1,1,1,11,6,30,60.0,30.0,11,60.0,11,51,102.0,30,7,0,2,0,0,2,3,2
973,1,1,1,22,10,49,60.0,49.0,45,60.0,45,60,37.0,97,10,4,2,1,1,4,3,8
974,1,1,1,18,8,56,60.0,56.0,41,60.0,41,60,43.0,84,10,3,1,0,1,3,3,5
975,1,1,1,18,7,52,60.0,52.0,11,60.0,11,51,141.0,22,2,1,2,0,0,4,3,3
976,1,1,1,16,5,38,60.0,38.0,5,60.0,5,0,54.0,0,0,0,1,0,0,3,3,1
977,1,1,1,16,7,59,60.0,59.0,37,60.0,37,60,66.0,55,8,3,2,0,1,4,3,6
978,1,1,1,21,7,67,60.0,67.0,20,60.0,20,57,92.0,37,6,1,2,0,0,2,3,3
979,1,0,0,24,5,56,60.0,56.0,27,60.0,27,53,81.0,39,5,3,2,0,1,3,1,6
980,1,1,1,18,0,50,60.0,50.0,15,60.0,15,57,128.0,27,6,1,2,0,1,2,3,4
981,1,0,0,32,3,85,60.0,85.0,33,60.0,33,53,46.0,69,9,3,2,0,0,3,1,5
982,1,1,1,25,8,66,60.0,66.0,26,60.0,26,58,68.0,51,9,1,2,0,0,4,3,3
983,1,1,1,24,9,75,60.0,75.0,48,48.0,60,60,40.0,90,9,2,2,1,1,4,3,6
984,1,1,1,21,8,62,60.0,62.0,42,60.0,42,59,62.0,57,9,2,2,0,0,3,3,4
985,1,1,1,35,10,78,60.0,78.0,49,53.0,55,60,31.0,116,10,4,2,1,1,4,3,8
986,1,1,1,32,9,75,60.0,75.0,48,60.0,48,60,36.0,100,10,2,2,0,0,4,3,4
987,1,1,1,48,6,87,60.0,87.0,48,40.0,72,59,36.0,98,10,2,2,1,1,3,3,6
988,1,1,1,50,4,77,60.0,77.0,49,40.0,74,60,38.0,95,7,3,2,1,1,2,3,7
989,1,0,0,20,9,100,55.0,109.0,48,60.0,48,60,45.0,80,10,2,2,1,0,4,1,5
990,1,1,1,14,10,91,60.0,91.0,33,60.0,33,59,96.0,37,10,1,2,0,0,3,3,3
991,1,1,1,31,7,81,60.0,81.0,46,48.0,58,58,37.0,94,10,3,2,1,0,4,3,6
992,1,1,1,33,10,78,60.0,78.0,47,51.0,55,60,54.0,67,10,3,2,0,0,4,3,5
993,1,1,1,11,9,81,60.0,81.0,46,59.0,47,60,48.0,75,10,4,2,0,1,4,3,7
994,1,1,1,0,5,69,60.0,69.0,48,57.0,51,57,54.0,63,10,3,2,0,1,3,3,6
995,1,1,1,50,10,100,56.0,107.0,50,36.0,83,60,30.0,120,10,3,2,0,1,4,3,6
996,1,1,1,50,7,100,60.0,100.0,50,36.0,83,60,32.0,113,9,3,2,0,1,2,3,6
997,1,1,1,48,10,100,60.0,100.0,50,42.0,71,60,29.0,124,9,4,2,1,1,4,3,8
998,1,1,1,47,8,100,58.0,103.0,49,52.0,57,60,41.0,88,10,3,2,0,1,2,3,6
999,1,1,1,24,3,66,60.0,66.0,26,60.0,26,59,72.0,49,9,0,2,0,0,4,3,2
1000,1,1,1,24,3,66,60.0,66.0,26,60.0,26,59,72.0,49,9,0,2,0,0,4,3,2
1001,1,1,1,3,6,17,60.0,17.0,36,60.0,36,59,56.0,63,1,0,2,0,0,3,3,2
1002,1,1,1,3,6,17,60.0,17.0,36,60.0,36,59,56.0,63,1,0,2,0,0,3,3,2
1003,1,1,1,0,5,53,60.0,53.0,46,39.0,71,60,42.0,86,7,0,2,0,1,4,3,3
1004,1,1,1,0,5,53,60.0,53.0,46,39.0,71,60,42.0,86,7,0,2,0,1,4,3,3
1005,1,1,1,13,7,41,60.0,41.0,47,59.0,48,58,46.0,76,0,0,2,0,0,1,3,2
1006,1,1,1,13,7,41,60.0,41.0,47,59.0,48,58,46.0,76,0,0,2,0,0,1,3,2
1007,1,1,1,1,5,63,60.0,63.0,16,60.0,16,56,78.0,43,9,0,2,0,0,4,3,2
1008,1,1,1,1,5,63,60.0,63.0,16,60.0,16,56,78.0,43,9,0,2,0,0,4,3,2
1009,1,1,1,33,9,63,60.0,63.0,35,60.0,35,57,54.0,63,9,2,2,1,0,3,3,5
1010,1,1,1,33,9,63,60.0,63.0,35,60.0,35,57,54.0,63,9,2,2,1,0,3,3,5
1011,1,1,1,0,4,0,37.0,0.0,34,60.0,34,59,63.0,56,0,0,2,0,0,0,3,2
1012,1,1,1,0,4,0,37.0,0.0,34,60.0,34,59,63.0,56,0,0,2,0,0,0,3,2
1013,1,1,1,0,4,0,39.0,0.0,47,48.0,59,60,46.0,78,0,0,2,0,0,0,3,2
1014,1,1,1,0,4,0,39.0,0.0,47,48.0,59,60,46.0,78,0,0,2,0,0,0,3,2
1015,1,0,0,30,8,89,60.0,89.0,43,50.0,52,60,47.0,77,7,3,2,0,0,4,1,5
1016,1,0,0,30,8,89,60.0,89.0,43,50.0,52,60,47.0,77,7,3,2,0,0,4,1,5
1017,1,1,1,2,7,55,60.0,55.0,0,15.0,0,0,29.0,0,6,0,2,0,0,3,3,2
1018,1,1,1,2,7,55,60.0,55.0,0,15.0,0,0,29.0,0,6,0,2,0,0,3,3,2
1019,1,1,0,5,3,59,60.0,59.0,13,60.0,13,58,109.0,32,3,3,2,0,0,4,2,5
1020,1,1,0,5,3,59,60.0,59.0,13,60.0,13,58,109.0,32,3,3,2,0,0,4,2,5
1021,1,1,1,27,9,89,60.0,89.0,36,60.0,36,0,40.0,0,0,0,0,0,0,0,3,0
1022,1,1,0,47,8,74,60.0,74.0,3,60.0,3,13,180.0,4,7,1,2,1,1,2,2,5
1023,1,1,1,22,9,63,60.0,63.0,9,60.0,9,47,173.0,16,8,2,2,0,1,3,3,5
1024,1,1,1,0,2,30,60.0,30.0,39,60.0,39,56,63.0,53,2,0,2,0,0,3,3,2
1025,1,0,0,15,4,83,60.0,83.0,1,60.0,1,0,49.0,0,5,0,2,0,0,3,1,2
1026,1,1,1,33,6,64,60.0,64.0,41,54.0,46,55,40.0,83,9,2,2,0,1,4,3,5
1027,1,1,1,7,3,49,60.0,49.0,4,60.0,4,27,177.0,9,0,0,2,0,1,0,3,3
1028,1,0,1,5,5,10,60.0,10.0,6,60.0,6,53,143.0,22,0,0,2,0,0,0,2,2
1029,1,1,1,28,6,70,60.0,70.0,11,60.0,11,59,142.0,25,9,3,2,0,0,3,3,5
1030,1,1,1,20,7,53,60.0,53.0,9,60.0,9,44,180.0,15,4,1,2,0,1,4,3,4
1031,1,1,1,23,10,98,60.0,98.0,1,60.0,1,18,166.0,7,7,0,2,0,0,3,3,2
1032,1,1,1,9,5,78,60.0,78.0,38,54.0,42,58,39.0,89,9,1,2,0,0,3,3,3
1033,1,0,0,0,8,32,60.0,32.0,12,60.0,12,45,95.0,28,1,0,1,0,1,3,1,2
1034,1,1,1,32,5,65,60.0,65.0,4,60.0,4,18,180.0,6,1,0,2,0,0,1,3,2
1035,1,1,1,19,6,70,60.0,70.0,0,29.0,0,0,31.0,0,7,1,2,0,1,1,3,4
1036,1,1,1,20,0,73,60.0,73.0,26,60.0,26,50,90.0,33,5,0,2,0,1,4,3,3
1037,1,1,1,26,6,67,60.0,67.0,45,58.0,47,55,75.0,44,7,0,2,0,0,1,3,2
1038,1,1,1,0,5,39,60.0,39.0,9,60.0,9,42,180.0,14,4,0,2,0,0,1,3,2
1039,1,1,1,19,5,61,60.0,61.0,27,60.0,27,57,60.0,57,9,1,2,0,1,3,3,4
1040,1,1,1,18,7,31,60.0,31.0,42,58.0,43,57,43.0,80,6,0,2,0,0,2,3,2
1041,1,1,1,11,5,29,60.0,29.0,0,16.0,0,24,180.0,8,3,0,1,0,0,2,3,1
1042,1,1,1,16,7,62,60.0,62.0,0,17.0,0,9,180.0,3,8,1,2,0,0,4,3,3
1043,1,1,1,0,0,18,60.0,18.0,0,16.0,0,0,23.0,0,0,0,2,0,1,0,3,3
1044,1,1,1,0,7,29,60.0,29.0,12,60.0,12,21,180.0,7,1,0,2,0,0,3,3,2
1045,1,1,1,17,3,52,60.0,52.0,0,19.0,0,0,23.0,0,7,0,2,0,1,3,3,3
1046,1,1,0,0,3,5,60.0,5.0,0,17.0,0,0,31.0,0,0,0,1,0,0,3,2,1
1047,0,0,0,0,7,4,60.0,4.0,0,16.0,0,0,24.0,0,0,0,0,0,0,2,0,0
1048,1,1,1,2,4,47,60.0,47.0,0,14.0,0,1,175.0,0,3,0,2,0,1,1,3,3
1049,1,1,1,18,6,46,60.0,46.0,0,14.0,0,0,21.0,0,6,0,2,0,1,2,3,3
1050,1,1,1,0,4,6,60.0,6.0,2,60.0,2,4,180.0,1,3,0,1,0,1,3,3,2
1051,0,0,0,0,2,0,12.0,0.0,0,15.0,0,0,21.0,0,0,0,2,0,0,0,0,2
1052,1,1,1,0,2,3,60.0,3.0,0,16.0,0,1,96.0,1,0,0,2,0,0,0,3,2
1053,1,1,1,5,0,32,60.0,32.0,0,15.0,0,12,180.0,4,2,0,1,0,0,3,3,1
1054,1,1,1,0,1,2,60.0,2.0,0,8.0,0,0,16.0,0,0,0,2,0,0,0,3,2
1055,1,1,1,0,5,1,60.0,1.0,0,11.0,0,0,31.0,0,0,0,0,0,0,1,3,0
1056,1,1,1,0,6,64,60.0,64.0,0,15.0,0,0,13.0,0,6,0,2,0,0,1,3,2
